movie_title,target_date,rank,audi_cnt,audi_acc,scrn_cnt
왕과 사는 남자,20260204,1,117783,147538,1658
왕과 사는 남자,20260205,1,91731,239269,1612
왕과 사는 남자,20260206,1,126625,365894,1653
왕과 사는 남자,20260207,1,327112,693006,1717
왕과 사는 남자,20260208,1,308083,1001089,1724
왕과 사는 남자,20260209,1,98379,1099468,1530
왕과 사는 남자,20260210,1,95582,1195050,1536
왕과 사는 남자,20260211,2,86924,1281974,1150
왕과 사는 남자,20260212,1,83916,1365890,1206
왕과 사는 남자,20260213,1,133573,1499463,1420
왕과 사는 남자,20260214,1,357886,1857349,1729
왕과 사는 남자,20260215,1,465257,2322606,1836
왕과 사는 남자,20260216,1,537175,2859781,1899
왕과 사는 남자,20260217,1,661441,3521222,2010
왕과 사는 남자,20260218,1,653635,4174857,2017
왕과 사는 남자,20260219,1,239783,4414640,1607
왕과 사는 남자,20260220,1,264715,4679355,1771
왕과 사는 남자,20260221,1,581160,5260515,2106
왕과 사는 남자,20260222,1,568289,5828804,2142
왕과 사는 남자,20260223,1,195474,6024278,1756
왕과 사는 남자,20260224,1,194638,6218916,1778
왕과 사는 남자,20260225,1,309574,6528490,1937
왕과 사는 남자,20260226,1,204929,6733419,1803
왕과 사는 남자,20260227,1,278059,7011478,1932
왕과 사는 남자,20260228,1,655719,7667197,2165
왕과 사는 남자,20260301,1,817187,8484384,2170
왕과 사는 남자,20260302,1,728928,9213312,2150
왕과 사는 남자,20260303,1,194476,9407788,1800
왕과 사는 남자,20260304,1,189639,9597427,1633
왕과 사는 남자,20260305,1,180530,9777957,1697
왕과 사는 남자,20260306,1,271745,10049702,1881
명량,20140730,1,682701,705201,1159
명량,20140731,1,705070,1410271,1202
명량,20140801,1,867437,2277708,1300
명량,20140802,1,1232529,3510237,1494
명량,20140803,1,1257380,4767617,1587
명량,20140804,1,990022,5757639,1443
명량,20140805,1,869153,6626792,1507
명량,20140806,1,702887,7329679,1221
명량,20140807,1,652776,7982455,1239
명량,20140808,1,690123,8672578,1278
명량,20140809,1,1101089,9773667,1343
명량,20140810,1,1032388,10806055,1315
명량,20140811,1,526106,11332161,1204
명량,20140812,1,443817,11775978,1224
명량,20140813,1,368597,12144575,935
명량,20140814,1,430129,12574704,949
명량,20140815,1,744256,13318960,1013
명량,20140816,1,682703,14001663,1004
명량,20140817,1,635573,14637236,1002
명량,20140818,1,264378,14901614,906
명량,20140819,1,231697,15133311,931
명량,20140820,1,173159,15306470,732
명량,20140821,1,165149,15471619,716
명량,20140822,2,166182,15637801,723
명량,20140823,2,332537,15970338,772
명량,20140824,2,305504,16275842,757
명량,20140825,2,105306,16381148,694
명량,20140826,2,89715,16470863,702
명량,20140827,2,85270,16556133,658
명량,20140828,3,59758,16615891,482
명량,20140829,3,66327,16682218,482
극한직업,20190123,1,368582,392773,1553
극한직업,20190124,1,331924,724697,1658
극한직업,20190125,1,386371,1111068,1741
극한직업,20190126,1,995406,2106474,1910
극한직업,20190127,1,1033089,3139563,1978
극한직업,20190128,1,397188,3536751,1766
극한직업,20190129,1,358186,3894937,1827
극한직업,20190130,1,564825,4459762,1574
극한직업,20190131,1,350685,4810447,1548
극한직업,20190201,1,462875,5273322,1701
극한직업,20190202,1,962555,6235877,1890
극한직업,20190203,1,1058680,7294557,1949
극한직업,20190204,1,975927,8270484,2003
극한직업,20190205,1,1130176,9400660,1844
극한직업,20190206,1,1131697,10532357,1835
극한직업,20190207,1,460448,10992805,1558
극한직업,20190208,1,409794,11402599,1595
극한직업,20190209,1,776215,12178814,1703
극한직업,20190210,1,660049,12838863,1707
극한직업,20190211,1,214339,13053202,1571
극한직업,20190212,1,198064,13251266,1571
극한직업,20190213,1,172086,13423352,1193
극한직업,20190214,1,167585,13590937,1027
극한직업,20190215,1,191503,13782440,1059
극한직업,20190216,1,405476,14187916,1158
극한직업,20190217,1,348325,14536241,1166
극한직업,20190218,1,114307,14650548,1071
극한직업,20190219,2,114270,14764818,1073
극한직업,20190220,2,91845,14856663,836
극한직업,20190221,2,82354,14939017,807
극한직업,20190222,2,93652,15032669,858
파묘,20240222,1,330118,336129,1944
파묘,20240223,1,374492,710621,2086
파묘,20240224,1,770974,1481595,2355
파묘,20240225,1,819842,2301437,2351
파묘,20240226,1,328445,2629882,2097
파묘,20240227,1,298464,2928346,2145
파묘,20240228,1,384594,3312940,1885
파묘,20240229,1,384294,3697234,2039
파묘,20240301,1,851600,4548834,2315
파묘,20240302,1,832278,5381112,2367
파묘,20240303,1,652059,6033171,2363
파묘,20240304,1,207996,6241167,2105
파묘,20240305,1,190540,6431707,2148
파묘,20240306,1,174674,6606381,2021
파묘,20240307,1,160362,6766743,2021
파묘,20240308,1,243235,7009978,2098
파묘,20240309,1,559672,7569650,2164
파묘,20240310,1,472287,8041937,2149
파묘,20240311,1,135262,8177199,1940
파묘,20240312,1,121933,8299132,1967
파묘,20240313,1,113406,8412538,1735
파묘,20240314,1,105065,8517603,1754
파묘,20240315,1,150668,8668271,1860
파묘,20240316,1,344954,9013225,1959
파묘,20240317,1,285277,9298502,1942
파묘,20240318,1,82399,9380901,1756
파묘,20240319,1,71978,9452879,1785
파묘,20240320,1,69871,9522750,1617
파묘,20240321,1,68249,9590999,1621
파묘,20240322,1,108889,9699888,1725
파묘,20240323,1,265402,9965290,1807
서울의 봄,20231122,1,203813,219445,2144
서울의 봄,20231123,1,179084,398529,2161
서울의 봄,20231124,1,274610,673139,2204
서울의 봄,20231125,1,594436,1267575,2322
서울의 봄,20231126,1,625180,1892755,2328
서울의 봄,20231127,1,239666,2132421,2176
서울의 봄,20231128,1,232277,2364698,2241
서울의 봄,20231129,1,346732,2711430,2194
서울의 봄,20231130,1,241470,2952900,2119
서울의 봄,20231201,1,323985,3276885,2281
서울의 봄,20231202,1,700900,3977785,2433
서울의 봄,20231203,1,677249,4655034,2463
서울의 봄,20231204,1,214343,4869377,2196
서울의 봄,20231205,1,198569,5067946,2219
서울의 봄,20231206,1,203042,5270988,1979
서울의 봄,20231207,1,200532,5471520,2023
서울의 봄,20231208,1,289920,5761440,2150
서울의 봄,20231209,1,626174,6387614,2301
서울의 봄,20231210,1,584136,6971750,2286
서울의 봄,20231211,1,190750,7162500,2067
서울의 봄,20231212,1,199853,7362353,2137
서울의 봄,20231213,1,188621,7550974,2014
서울의 봄,20231214,1,177959,7728933,2050
서울의 봄,20231215,1,269165,7998098,2156
서울의 봄,20231216,1,497073,8495171,2313
서울의 봄,20231217,1,445484,8940655,2259
서울의 봄,20231218,1,142485,9083140,2065
서울의 봄,20231219,1,135758,9218898,2101
서울의 봄,20231220,2,100346,9319244,1190
서울의 봄,20231221,2,103029,9422273,1248
서울의 봄,20231222,2,143174,9565447,1400
범죄도시2,20220518,1,467483,650417,2226
범죄도시2,20220519,1,366223,1016640,2230
범죄도시2,20220520,1,523192,1539832,2373
범죄도시2,20220521,1,1037004,2576836,2498
범죄도시2,20220522,1,973821,3550657,2496
범죄도시2,20220523,1,336655,3887312,2285
범죄도시2,20220524,1,283576,4170888,2311
범죄도시2,20220525,1,342272,4513160,2392
범죄도시2,20220526,1,240641,4753801,2376
범죄도시2,20220527,1,364472,5118273,2421
범죄도시2,20220528,1,772117,5890390,2521
범죄도시2,20220529,1,656284,6546674,2520
범죄도시2,20220530,1,201418,6748092,2357
범죄도시2,20220531,1,265345,7013437,2407
범죄도시2,20220601,2,463146,7476583,1305
범죄도시2,20220602,1,153395,7629978,1307
범죄도시2,20220603,1,219326,7849304,1553
범죄도시2,20220604,1,466932,8316236,1744
범죄도시2,20220605,1,552233,8868469,1786
범죄도시2,20220606,1,455336,9323805,1771
범죄도시2,20220607,1,136510,9460315,1557
범죄도시2,20220608,2,114543,9574858,1249
범죄도시2,20220609,1,111857,9686715,1322
범죄도시2,20220610,1,146311,9833026,1409
범죄도시2,20220611,1,339123,10172149,1552
범죄도시2,20220612,1,331554,10503703,1543
범죄도시2,20220613,1,122582,10626285,1400
범죄도시2,20220614,1,107119,10733404,1415
범죄도시2,20220615,2,90229,10823633,1118
범죄도시2,20220616,2,85573,10909206,1162
범죄도시2,20220617,2,118477,11027683,1219
신과함께-죄와 벌,20171220,1,406365,422564,1538
신과함께-죄와 벌,20171221,1,401449,824013,1582
신과함께-죄와 벌,20171222,1,497810,1321823,1653
신과함께-죄와 벌,20171223,1,968372,2290195,1818
신과함께-죄와 벌,20171224,1,1268537,3558732,1887
신과함께-죄와 벌,20171225,1,1212822,4771554,1912
신과함께-죄와 벌,20171226,1,430026,5201580,1662
신과함께-죄와 벌,20171227,1,495106,5696686,1428
신과함께-죄와 벌,20171228,1,377807,6074493,1505
신과함께-죄와 벌,20171229,1,532755,6607248,1565
신과함께-죄와 벌,20171230,1,908290,7515538,1666
신과함께-죄와 벌,20171231,1,1023957,8539495,1663
신과함께-죄와 벌,20180101,1,916652,9456147,1644
신과함께-죄와 벌,20180102,1,294339,9750486,1446
신과함께-죄와 벌,20180103,1,215987,9966473,1241
신과함께-죄와 벌,20180104,1,217032,10183505,1226
신과함께-죄와 벌,20180105,1,268181,10451686,1211
신과함께-죄와 벌,20180106,1,548337,11000023,1260
신과함께-죄와 벌,20180107,1,502236,11502259,1258
신과함께-죄와 벌,20180108,2,174358,11676617,1171
신과함께-죄와 벌,20180109,2,156343,11832960,1182
신과함께-죄와 벌,20180110,2,141824,11974784,1170
신과함께-죄와 벌,20180111,2,123571,12098355,891
신과함께-죄와 벌,20180112,2,146494,12244849,920
신과함께-죄와 벌,20180113,2,310297,12555146,984
신과함께-죄와 벌,20180114,3,288900,12844046,985
신과함께-죄와 벌,20180115,3,100000,12944046,910
신과함께-죄와 벌,20180116,3,95401,13039447,948
신과함께-죄와 벌,20180117,5,71179,13110626,619
신과함께-죄와 벌,20180118,5,68978,13179604,645
신과함께-죄와 벌,20180119,5,76062,13255666,645
국제시장,20141217,2,184756,217804,931
국제시장,20141218,1,198552,416356,954
국제시장,20141219,1,241578,657934,966
국제시장,20141220,1,442930,1100864,914
국제시장,20141221,1,454191,1555055,904
국제시장,20141222,1,204536,1759591,903
국제시장,20141223,1,217631,1977222,960
국제시장,20141224,1,335504,2312726,727
국제시장,20141225,1,543227,2855953,778
국제시장,20141226,1,333668,3189621,812
국제시장,20141227,1,541235,3730856,941
국제시장,20141228,1,550747,4281603,953
국제시장,20141229,1,282065,4563668,880
국제시장,20141230,1,305467,4869135,881
국제시장,20141231,1,476542,5345677,912
국제시장,20150101,1,751754,6097431,941
국제시장,20150102,1,470690,6568121,930
국제시장,20150103,1,632713,7200834,1044
국제시장,20150104,1,552069,7752903,1026
국제시장,20150105,1,210765,7963668,910
국제시장,20150106,1,210222,8173890,904
국제시장,20150107,1,188721,8362611,838
국제시장,20150108,1,189554,8552165,840
국제시장,20150109,1,209260,8761425,858
국제시장,20150110,1,464389,9225814,930
국제시장,20150111,1,462989,9688803,926
국제시장,20150112,1,157483,9846286,843
국제시장,20150113,1,155662,10001948,850
국제시장,20150114,1,144616,10146564,625
국제시장,20150115,2,145016,10291580,647
국제시장,20150116,2,157521,10449101,673
한산: 용의 출현,20220727,1,386161,401095,2223
한산: 용의 출현,20220728,1,236941,638036,2178
한산: 용의 출현,20220729,1,315487,953523,2164
한산: 용의 출현,20220730,1,660355,1613878,2136
한산: 용의 출현,20220731,1,655697,2269575,2132
한산: 용의 출현,20220801,1,385978,2655553,2019
한산: 용의 출현,20220802,1,340705,2996258,2030
한산: 용의 출현,20220803,2,235501,3231759,1442
한산: 용의 출현,20220804,1,209334,3441093,1467
한산: 용의 출현,20220805,1,250625,3691718,1530
한산: 용의 출현,20220806,1,465415,4157133,1637
한산: 용의 출현,20220807,1,440811,4597944,1638
한산: 용의 출현,20220808,1,161639,4759583,1575
한산: 용의 출현,20220809,1,138570,4898153,1576
한산: 용의 출현,20220810,2,125163,5023316,1252
한산: 용의 출현,20220811,2,115423,5138739,1287
한산: 용의 출현,20220812,2,141162,5279901,1355
한산: 용의 출현,20220813,2,262319,5542220,1430
한산: 용의 출현,20220814,2,323989,5866209,1433
한산: 용의 출현,20220815,2,289574,6155783,1377
한산: 용의 출현,20220816,2,88290,6244073,1293
한산: 용의 출현,20220817,2,65899,6309972,1051
한산: 용의 출현,20220818,2,57773,6367745,1043
한산: 용의 출현,20220819,2,65439,6433184,1080
한산: 용의 출현,20220820,2,147641,6580825,1114
한산: 용의 출현,20220821,2,130424,6711249,1109
한산: 용의 출현,20220822,2,40792,6752041,1011
한산: 용의 출현,20220823,2,38299,6790340,1037
한산: 용의 출현,20220824,3,30265,6820605,781
한산: 용의 출현,20220825,3,26739,6847344,800
한산: 용의 출현,20220826,3,32728,6880072,865
공조2: 인터내셔날,20220907,1,216237,227335,2166
공조2: 인터내셔날,20220908,1,285121,512456,2187
공조2: 인터내셔날,20220909,1,532726,1045182,2325
공조2: 인터내셔날,20220910,1,713384,1758566,2379
공조2: 인터내셔날,20220911,1,852525,2611091,2389
공조2: 인터내셔날,20220912,1,733293,3344384,2328
공조2: 인터내셔날,20220913,1,200401,3544785,2135
공조2: 인터내셔날,20220914,1,142484,3687269,2136
공조2: 인터내셔날,20220915,1,128665,3815934,2127
공조2: 인터내셔날,20220916,1,177139,3993073,2158
공조2: 인터내셔날,20220917,1,397342,4390415,2237
공조2: 인터내셔날,20220918,1,341863,4732278,2225
공조2: 인터내셔날,20220919,1,100744,4833022,2098
공조2: 인터내셔날,20220920,1,86892,4919914,2109
공조2: 인터내셔날,20220921,2,77515,4997429,1557
공조2: 인터내셔날,20220922,1,73486,5070915,1568
공조2: 인터내셔날,20220923,1,102590,5173505,1586
공조2: 인터내셔날,20220924,1,203206,5376711,1748
공조2: 인터내셔날,20220925,1,178619,5555330,1729
공조2: 인터내셔날,20220926,1,58275,5613605,1513
공조2: 인터내셔날,20220927,1,54532,5668137,1523
공조2: 인터내셔날,20220928,2,66336,5734473,872
공조2: 인터내셔날,20220929,2,41497,5775970,963
공조2: 인터내셔날,20220930,1,62894,5838864,1074
공조2: 인터내셔날,20221001,1,107515,5946379,1210
공조2: 인터내셔날,20221002,1,133605,6079984,1237
공조2: 인터내셔날,20221003,1,133804,6213788,1227
공조2: 인터내셔날,20221004,1,32755,6246543,1033
공조2: 인터내셔날,20221005,1,27520,6274063,992
공조2: 인터내셔날,20221006,1,28024,6302087,946
공조2: 인터내셔날,20221007,1,43168,6345255,973
베테랑2,20240913,1,497498,515994,2682
베테랑2,20240914,1,755086,1271080,2668
베테랑2,20240915,1,824702,2095782,2691
베테랑2,20240916,1,764681,2860463,2685
베테랑2,20240917,1,854175,3714638,2679
베테랑2,20240918,1,738619,4453257,2647
베테랑2,20240919,1,233283,4686540,2439
베테랑2,20240920,1,218067,4904607,2482
베테랑2,20240921,1,386734,5291341,2520
베테랑2,20240922,1,309695,5601036,2497
베테랑2,20240923,1,99916,5700952,2327
베테랑2,20240924,1,88771,5789723,2344
베테랑2,20240925,1,132449,5922172,2120
베테랑2,20240926,1,75957,5998129,2033
베테랑2,20240927,1,93990,6092119,2025
베테랑2,20240928,1,171298,6263417,2008
베테랑2,20240929,1,148391,6411808,1973
베테랑2,20240930,1,77575,6489383,1891
베테랑2,20241001,2,114342,6603725,1067
베테랑2,20241002,1,59901,6663626,1113
베테랑2,20241003,1,110330,6773956,1157
베테랑2,20241004,1,64215,6838171,1181
베테랑2,20241005,1,87719,6925890,1317
베테랑2,20241006,1,74173,7000063,1283
베테랑2,20241007,1,28304,7028367,1079
베테랑2,20241008,1,34501,7062868,1129
베테랑2,20241009,2,66328,7129196,1077
베테랑2,20241010,1,23165,7152361,1050
베테랑2,20241011,1,36151,7188512,1069
베테랑2,20241012,1,60016,7248528,1021
베테랑2,20241013,1,49789,7298317,1016
밀수,20230726,1,318084,359266,1932
밀수,20230727,1,189507,548773,1867
밀수,20230728,1,229232,778005,1877
밀수,20230729,1,473849,1251854,1845
밀수,20230730,1,473016,1724870,1837
밀수,20230731,1,253361,1978231,1759
밀수,20230801,1,246033,2224264,1771
밀수,20230802,1,193441,2417705,1138
밀수,20230803,1,180214,2597919,1370
밀수,20230804,1,210323,2808242,1497
밀수,20230805,1,383254,3191496,1597
밀수,20230806,1,344094,3535590,1614
밀수,20230807,1,132290,3667880,1462
밀수,20230808,1,119426,3787306,1456
밀수,20230809,2,77326,3864632,1095
밀수,20230810,2,65400,3930032,1098
밀수,20230811,2,93882,4023914,1149
밀수,20230812,2,170216,4194130,1186
밀수,20230813,2,161351,4355481,1162
밀수,20230814,2,117902,4473383,1103
밀수,20230815,4,96436,4569819,798
밀수,20230816,4,31969,4601788,758
밀수,20230817,4,30582,4632370,783
밀수,20230818,4,32950,4665320,766
밀수,20230819,4,58765,4724085,790
밀수,20230820,4,53110,4777195,769
밀수,20230821,4,21366,4798561,718
밀수,20230822,4,21950,4820511,703
밀수,20230823,4,21604,4842115,743
밀수,20230824,4,21270,4863385,721
밀수,20230825,4,24759,4888144,754
하얼빈,20241224,1,381521,406202,2115
하얼빈,20241225,1,847790,1253992,2051
하얼빈,20241226,1,227461,1481453,2125
하얼빈,20241227,1,196103,1677556,2038
하얼빈,20241228,1,376363,2053919,1940
하얼빈,20241229,1,331381,2385300,1911
하얼빈,20241230,1,157539,2542839,1847
하얼빈,20241231,1,212397,2755236,1526
하얼빈,20250101,1,340484,3095720,1406
하얼빈,20250102,1,92862,3188582,1389
하얼빈,20250103,1,91398,3279980,1425
하얼빈,20250104,1,218542,3498522,1423
하얼빈,20250105,1,174400,3672922,1413
하얼빈,20250106,1,56908,3729830,1313
하얼빈,20250107,1,49163,3778993,1322
하얼빈,20250108,1,48571,3827564,1140
하얼빈,20250109,1,44838,3872402,1170
하얼빈,20250110,1,54928,3927330,1199
하얼빈,20250111,1,134688,4062018,1247
하얼빈,20250112,1,118374,4180392,1243
하얼빈,20250113,1,37257,4217649,1082
하얼빈,20250114,1,32625,4250274,1080
하얼빈,20250115,1,31895,4282169,1073
하얼빈,20250116,1,31286,4313455,1082
하얼빈,20250117,1,36634,4350089,1125
하얼빈,20250118,1,79205,4429294,1160
하얼빈,20250119,1,66404,4495698,1131
하얼빈,20250120,1,21819,4517517,1017
하얼빈,20250121,1,21270,4538787,1040
하얼빈,20250122,2,15691,4554478,812
하얼빈,20250123,2,14910,4569388,814
노량: 죽음의 바다,20231220,1,216769,246123,2196
노량: 죽음의 바다,20231221,1,170130,416253,2166
노량: 죽음의 바다,20231222,1,212405,628658,2129
노량: 죽음의 바다,20231223,1,441115,1069773,1933
노량: 죽음의 바다,20231224,1,611648,1681421,1902
노량: 죽음의 바다,20231225,1,549530,2230951,1845
노량: 죽음의 바다,20231226,1,136330,2367281,1877
노량: 죽음의 바다,20231227,1,170896,2538177,1886
노량: 죽음의 바다,20231228,1,121997,2660174,1829
노량: 죽음의 바다,20231229,1,159106,2819280,1850
노량: 죽음의 바다,20231230,1,268952,3088232,1772
노량: 죽음의 바다,20231231,1,349901,3438133,1767
노량: 죽음의 바다,20240101,1,290717,3728850,1706
노량: 죽음의 바다,20240102,1,70990,3799840,1663
노량: 죽음의 바다,20240103,2,53614,3853454,1440
노량: 죽음의 바다,20240104,3,44860,3898314,1402
노량: 죽음의 바다,20240105,3,51029,3949343,1407
노량: 죽음의 바다,20240106,2,113941,4063284,1408
노량: 죽음의 바다,20240107,2,104749,4168033,1401
노량: 죽음의 바다,20240108,3,30628,4198661,1262
노량: 죽음의 바다,20240109,3,26983,4225644,1277
노량: 죽음의 바다,20240110,4,21198,4246842,891
노량: 죽음의 바다,20240111,4,20409,4267251,910
노량: 죽음의 바다,20240112,4,25169,4292420,962
노량: 죽음의 바다,20240113,4,51535,4343955,981
노량: 죽음의 바다,20240114,4,44598,4388553,943
노량: 죽음의 바다,20240115,4,14616,4403169,843
노량: 죽음의 바다,20240116,4,13165,4416334,842
노량: 죽음의 바다,20240117,4,12330,4428664,782
노량: 죽음의 바다,20240118,4,11893,4440557,783
노량: 죽음의 바다,20240119,4,14095,4454652,808
엑시트,20190731,1,489996,529215,1323
엑시트,20190801,1,391904,921119,1331
엑시트,20190802,1,474777,1395896,1466
엑시트,20190803,1,791266,2187162,1585
엑시트,20190804,1,773015,2960177,1660
엑시트,20190805,1,417327,3377504,1519
엑시트,20190806,1,369415,3746919,1556
엑시트,20190807,2,306144,4053063,1315
엑시트,20190808,1,277731,4330794,1339
엑시트,20190809,1,318642,4649436,1367
엑시트,20190810,1,596628,5246064,1465
엑시트,20190811,2,532463,5778527,1442
엑시트,20190812,2,211799,5990326,1336
엑시트,20190813,2,196572,6186898,1365
엑시트,20190814,3,201354,6388252,1070
엑시트,20190815,3,392871,6781123,1029
엑시트,20190816,3,199787,6980910,1010
엑시트,20190817,3,308601,7289511,1032
엑시트,20190818,3,259257,7548768,1042
엑시트,20190819,2,99632,7648400,987
엑시트,20190820,2,94910,7743310,1017
엑시트,20190821,4,82331,7825641,782
엑시트,20190822,3,71503,7897144,739
엑시트,20190823,3,87092,7984236,761
엑시트,20190824,3,190750,8174986,846
엑시트,20190825,3,176426,8351412,867
엑시트,20190826,2,59223,8410635,805
엑시트,20190827,2,59214,8469849,827
엑시트,20190828,3,94751,8564600,708
엑시트,20190829,3,44855,8609455,671
엑시트,20190830,3,59268,8668723,737
백두산,20191219,1,450171,458270,1970
백두산,20191220,1,424215,882485,1934
백두산,20191221,1,798673,1681158,1971
백두산,20191222,1,778099,2459257,1938
백두산,20191223,1,283573,2742830,1853
백두산,20191224,1,498328,3241158,1640
백두산,20191225,1,936372,4177530,1628
백두산,20191226,1,364128,4541658,1399
백두산,20191227,1,248788,4790446,1377
백두산,20191228,1,479545,5269991,1442
백두산,20191229,1,472663,5742654,1407
백두산,20191230,1,231654,5974308,1373
백두산,20191231,1,316194,6290502,1281
백두산,20200101,1,498802,6789304,1236
백두산,20200102,1,125013,6914317,1241
백두산,20200103,1,118696,7033013,1193
백두산,20200104,1,241066,7274079,1222
백두산,20200105,1,205310,7479389,1215
백두산,20200106,1,71674,7551063,1146
백두산,20200107,1,71911,7622974,1171
백두산,20200108,3,56626,7679600,864
백두산,20200109,2,51441,7731041,851
백두산,20200110,2,52933,7783974,881
백두산,20200111,3,113154,7897128,877
백두산,20200112,2,99296,7996424,865
백두산,20200113,2,34217,8030641,801
백두산,20200114,2,32512,8063153,819
백두산,20200115,4,21031,8084184,598
백두산,20200116,4,19001,8103185,623
백두산,20200117,4,19377,8122562,615
백두산,20200118,4,40840,8163402,621
안시성,20180919,1,122859,148109,1121
안시성,20180920,1,133051,281160,1172
안시성,20180921,1,211699,492859,1175
안시성,20180922,1,433290,926149,1279
안시성,20180923,1,484415,1410564,1344
안시성,20180924,1,691357,2101921,1476
안시성,20180925,1,795259,2897180,1540
안시성,20180926,1,655960,3553140,1430
안시성,20180927,1,163516,3716656,1264
안시성,20180928,1,170503,3887159,1318
안시성,20180929,1,337367,4224526,1383
안시성,20180930,1,307431,4531957,1365
안시성,20181001,1,93971,4625928,1277
안시성,20181002,1,103875,4729803,1294
안시성,20181003,3,136204,4866007,657
안시성,20181004,3,33082,4899089,633
안시성,20181005,3,48512,4947601,649
안시성,20181006,3,103687,5051288,644
안시성,20181007,3,82669,5133957,622
안시성,20181008,3,51263,5185220,635
안시성,20181009,3,64896,5250116,584
안시성,20181010,3,18852,5268968,544
안시성,20181011,5,13036,5282004,484
안시성,20181012,5,16843,5298847,522
안시성,20181013,5,28823,5327670,535
안시성,20181014,5,26620,5354290,528
안시성,20181015,5,9655,5363945,489
안시성,20181016,5,8984,5372929,492
안시성,20181017,5,9682,5382611,470
안시성,20181018,7,5337,5387948,248
안시성,20181019,8,6243,5394191,260
내부자들,20151119,1,230949,344733,907
내부자들,20151120,1,283518,628251,954
내부자들,20151121,1,489503,1117754,1072
내부자들,20151122,1,488052,1605806,1075
내부자들,20151123,1,211777,1817583,1017
내부자들,20151124,1,194968,2012551,1021
내부자들,20151125,1,251123,2263674,963
내부자들,20151126,1,189116,2452790,990
내부자들,20151127,1,247340,2700130,1049
내부자들,20151128,1,464510,3164640,1129
내부자들,20151129,1,424786,3589426,1113
내부자들,20151130,1,156639,3746065,1032
내부자들,20151201,1,136675,3882740,1046
내부자들,20151202,1,136712,4019452,1024
내부자들,20151203,1,131521,4150973,972
내부자들,20151204,1,165925,4316898,970
내부자들,20151205,1,334093,4650991,1022
내부자들,20151206,1,299851,4950842,1015
내부자들,20151207,1,103494,5054336,960
내부자들,20151208,1,100716,5155052,976
내부자들,20151209,1,97668,5252720,988
내부자들,20151210,1,102635,5355355,930
내부자들,20151211,1,130993,5486348,955
내부자들,20151212,1,247132,5733480,980
내부자들,20151213,1,224871,5958351,966
내부자들,20151214,1,87225,6045576,920
내부자들,20151215,1,89568,6135144,930
내부자들,20151216,3,56981,6192125,509
내부자들,20151217,4,42433,6234558,403
내부자들,20151218,4,54048,6288606,430
내부자들,20151219,4,83122,6371728,434
인천상륙작전,20160727,1,464460,477171,901
인천상륙작전,20160728,1,354500,831671,904
인천상륙작전,20160729,1,405477,1237148,942
인천상륙작전,20160730,1,691478,1928626,1038
인천상륙작전,20160731,1,697945,2626571,1049
인천상륙작전,20160801,1,495531,3122102,995
인천상륙작전,20160802,1,462324,3584426,1013
인천상륙작전,20160803,2,319553,3903979,776
인천상륙작전,20160804,1,263094,4167073,772
인천상륙작전,20160805,2,273005,4440078,817
인천상륙작전,20160806,2,413581,4853659,831
인천상륙작전,20160807,2,391895,5245554,816
인천상륙작전,20160808,2,169310,5414864,754
인천상륙작전,20160809,2,150546,5565410,753
인천상륙작전,20160810,3,103963,5669373,567
인천상륙작전,20160811,3,94775,5764148,549
인천상륙작전,20160812,3,101838,5865986,577
인천상륙작전,20160813,3,171009,6036995,588
인천상륙작전,20160814,3,193124,6230119,581
인천상륙작전,20160815,3,189850,6419969,586
인천상륙작전,20160816,3,62998,6482967,546
인천상륙작전,20160817,4,43044,6526011,509
인천상륙작전,20160818,4,42582,6568593,538
인천상륙작전,20160819,4,41876,6610469,511
인천상륙작전,20160820,5,74883,6685352,511
인천상륙작전,20160821,5,76883,6762235,496
인천상륙작전,20160822,4,31841,6794076,472
인천상륙작전,20160823,4,28570,6822646,482
인천상륙작전,20160824,5,24785,6847431,441
인천상륙작전,20160825,6,19345,6866776,374
인천상륙작전,20160826,7,18681,6885457,378
청년경찰,20170809,2,308298,344954,1102
청년경찰,20170810,2,277400,622354,1065
청년경찰,20170811,2,304102,926456,1046
청년경찰,20170812,2,517559,1444015,1058
청년경찰,20170813,2,504156,1948171,1037
청년경찰,20170814,2,372146,2320317,1019
청년경찰,20170815,3,415335,2735652,881
청년경찰,20170816,2,174950,2910602,823
청년경찰,20170817,2,147050,3057652,752
청년경찰,20170818,2,168999,3226651,813
청년경찰,20170819,2,349115,3575766,918
청년경찰,20170820,2,330638,3906404,918
청년경찰,20170821,2,120575,4026979,798
청년경찰,20170822,2,113654,4140633,817
청년경찰,20170823,3,88872,4229505,747
청년경찰,20170824,3,89912,4319417,717
청년경찰,20170825,3,107490,4426907,742
청년경찰,20170826,3,218153,4645060,779
청년경찰,20170827,3,189064,4834124,771
청년경찰,20170828,3,61716,4895840,716
청년경찰,20170829,3,61798,4957638,733
청년경찰,20170830,2,87406,5045044,627
청년경찰,20170831,3,46169,5091213,575
청년경찰,20170901,2,56997,5148210,640
청년경찰,20170902,2,121617,5269827,681
청년경찰,20170903,2,107474,5377301,686
청년경찰,20170904,2,31458,5408759,638
청년경찰,20170905,2,29679,5438438,633
청년경찰,20170906,5,21507,5459945,509
청년경찰,20170907,5,18568,5478513,503
청년경찰,20170908,5,19545,5498058,513
1987,20171227,2,331736,367067,1299
1987,20171228,2,221304,588371,1233
1987,20171229,2,306562,894933,1170
1987,20171230,2,487098,1382031,1079
1987,20171231,2,560046,1942077,1082
1987,20180101,2,531469,2473546,1097
1987,20180102,2,217247,2690793,1063
1987,20180103,2,174979,2865772,964
1987,20180104,2,163429,3029201,986
1987,20180105,2,202189,3231390,1012
1987,20180106,2,436755,3668145,1094
1987,20180107,2,421153,4089298,1067
1987,20180108,1,179970,4269268,1012
1987,20180109,1,175793,4445061,1052
1987,20180110,1,166737,4611798,1080
1987,20180111,1,143893,4755691,957
1987,20180112,1,186217,4941908,995
1987,20180113,1,434056,5375964,1103
1987,20180114,1,410882,5786846,1122
1987,20180115,1,128995,5915841,1015
1987,20180116,1,116339,6032180,1042
1987,20180117,3,90628,6122808,755
1987,20180118,4,80288,6203096,745
1987,20180119,4,91393,6294489,745
1987,20180120,4,198195,6492684,714
1987,20180121,4,175482,6668166,708
1987,20180122,4,52331,6720497,689
1987,20180123,5,49510,6770007,688
1987,20180124,5,35857,6805864,547
1987,20180125,5,33264,6839128,562
1987,20180126,5,36987,6876115,578
완벽한 타인,20181031,1,274118,321228,1081
완벽한 타인,20181101,1,170213,491441,1048
완벽한 타인,20181102,1,248122,739563,1122
완벽한 타인,20181103,1,474745,1214308,1305
완벽한 타인,20181104,1,450294,1664602,1313
완벽한 타인,20181105,1,185179,1849781,1189
완벽한 타인,20181106,1,179137,2028918,1214
완벽한 타인,20181107,1,177435,2206353,1258
완벽한 타인,20181108,1,169783,2376136,1256
완벽한 타인,20181109,1,225144,2601280,1285
완벽한 타인,20181110,1,407144,3008424,1325
완벽한 타인,20181111,1,367324,3375748,1322
완벽한 타인,20181112,1,127366,3503114,1231
완벽한 타인,20181113,2,117089,3620203,1252
완벽한 타인,20181114,3,117230,3737433,823
완벽한 타인,20181115,3,114544,3851977,853
완벽한 타인,20181116,3,128960,3980937,866
완벽한 타인,20181117,3,196946,4177883,899
완벽한 타인,20181118,3,172589,4350472,883
완벽한 타인,20181119,3,77444,4427916,849
완벽한 타인,20181120,3,69729,4497645,864
완벽한 타인,20181121,3,74473,4572118,874
완벽한 타인,20181122,4,51202,4623320,675
완벽한 타인,20181123,4,63772,4687092,719
완벽한 타인,20181124,4,109493,4796585,731
완벽한 타인,20181125,4,93769,4890354,721
완벽한 타인,20181126,3,40652,4931006,660
완벽한 타인,20181127,3,38368,4969374,681
완벽한 타인,20181128,5,35837,5005211,537
완벽한 타인,20181129,5,22632,5027843,483
완벽한 타인,20181130,5,28259,5056102,499
강철비,20171214,1,236952,253064,1259
강철비,20171215,1,288951,542015,1276
강철비,20171216,1,539301,1081316,1419
강철비,20171217,1,563824,1645140,1426
강철비,20171218,1,235668,1880808,1332
강철비,20171219,1,230227,2111035,1390
강철비,20171220,2,142017,2253052,988
강철비,20171221,2,122170,2375222,944
강철비,20171222,2,146049,2521271,1005
강철비,20171223,2,273400,2794671,970
강철비,20171224,2,362188,3156859,925
강철비,20171225,2,329396,3486255,901
강철비,20171226,2,103605,3589860,909
강철비,20171227,3,76078,3665938,610
강철비,20171228,3,56930,3722868,579
강철비,20171229,3,70645,3793513,599
강철비,20171230,3,99934,3893447,569
강철비,20171231,3,120846,4014293,585
강철비,20180101,3,114298,4128591,602
강철비,20180102,3,48122,4176713,580
강철비,20180103,5,28596,4205309,518
강철비,20180104,5,25610,4230919,502
강철비,20180105,6,27292,4258211,495
강철비,20180106,5,49258,4307469,457
강철비,20180107,5,43259,4350728,449
강철비,20180108,6,17562,4368290,454
강철비,20180109,6,16294,4384584,450
강철비,20180110,6,15391,4399975,451
강철비,20180111,9,5400,4405375,186
강철비,20180112,8,7118,4412493,198
강철비,20180113,8,12962,4425455,174
남한산성,20171003,1,444585,473503,1125
남한산성,20171004,1,552722,1026225,1165
남한산성,20171005,1,599797,1626022,1205
남한산성,20171006,1,582294,2208316,1221
남한산성,20171007,1,424767,2633083,1229
남한산성,20171008,2,365976,2999059,1203
남한산성,20171009,2,256815,3255874,1152
남한산성,20171010,2,56673,3312547,1011
남한산성,20171011,2,57962,3370509,1005
남한산성,20171012,3,41895,3412404,702
남한산성,20171013,3,47562,3459966,692
남한산성,20171014,2,80501,3540467,668
남한산성,20171015,2,77188,3617655,646
남한산성,20171016,2,26676,3644331,643
남한산성,20171017,2,26446,3670777,674
남한산성,20171018,2,26315,3697092,653
남한산성,20171019,4,13110,3710202,436
남한산성,20171020,4,15706,3725908,451
남한산성,20171021,4,24432,3750340,476
남한산성,20171022,4,24339,3774679,450
남한산성,20171023,4,9246,3783925,429
남한산성,20171024,4,10521,3794446,446
남한산성,20171025,8,5196,3799642,221
남한산성,20171026,7,5335,3804977,230
남한산성,20171027,6,6635,3811612,229
남한산성,20171028,8,6754,3818366,182
남한산성,20171029,6,7857,3826223,182
남한산성,20171030,6,3883,3830106,225
남한산성,20171031,6,4765,3834871,232
남한산성,20171101,7,3296,3838167,215
꾼,20171122,1,213172,251911,1195
꾼,20171123,1,224945,476856,1210
꾼,20171124,1,263452,740308,1253
꾼,20171125,1,474990,1215298,1314
꾼,20171126,1,473846,1689144,1294
꾼,20171127,1,159897,1849041,1249
꾼,20171128,1,149371,1998412,1275
꾼,20171129,1,201523,2199935,1008
꾼,20171130,1,124399,2324334,944
꾼,20171201,1,141883,2466217,981
꾼,20171202,1,277291,2743508,1006
꾼,20171203,1,252473,2995981,1000
꾼,20171204,1,84468,3080449,954
꾼,20171205,1,80925,3161374,974
꾼,20171206,1,73725,3235099,949
꾼,20171207,1,69214,3304313,820
꾼,20171208,1,90567,3394880,856
꾼,20171209,1,169265,3564145,856
꾼,20171210,1,158299,3722444,847
꾼,20171211,1,57741,3780185,831
꾼,20171212,1,55607,3835792,844
꾼,20171213,1,57588,3893380,857
꾼,20171214,3,21186,3914566,553
꾼,20171215,4,23045,3937611,529
꾼,20171216,6,30267,3967878,494
꾼,20171217,6,24696,3992574,478
꾼,20171218,4,10691,4003265,485
꾼,20171219,4,11146,4014411,496
히말라야,20151216,1,203173,229949,1009
히말라야,20151217,1,190883,420832,978
히말라야,20151218,1,242838,663670,1007
히말라야,20151219,1,422443,1086113,983
히말라야,20151220,1,445051,1531164,999
히말라야,20151221,1,185312,1716476,980
히말라야,20151222,1,180295,1896771,1007
히말라야,20151223,1,184877,2081648,1012
히말라야,20151224,1,374902,2456550,1053
히말라야,20151225,1,746400,3202950,1094
히말라야,20151226,1,555709,3758659,1095
히말라야,20151227,1,462083,4220742,1069
히말라야,20151228,1,180932,4401674,1020
히말라야,20151229,1,190717,4592391,1044
히말라야,20151230,1,242401,4834792,934
히말라야,20151231,1,294617,5129409,921
히말라야,20160101,1,554307,5683716,955
히말라야,20160102,1,404874,6088590,841
히말라야,20160103,1,289441,6378031,811
히말라야,20160104,1,97194,6475225,761
히말라야,20160105,1,86250,6561475,759
히말라야,20160106,1,79260,6640735,762
히말라야,20160107,2,68185,6708920,614
히말라야,20160108,3,71250,6780170,628
히말라야,20160109,3,151692,6931862,672
히말라야,20160110,2,152776,7084638,654
히말라야,20160111,1,57070,7141708,624
히말라야,20160112,1,56235,7197943,643
히말라야,20160113,1,49174,7247117,626
히말라야,20160114,4,37351,7284468,489
히말라야,20160115,4,37699,7322167,491
모가디슈,20210728,1,126670,136741,1635
모가디슈,20210729,1,89824,226565,1628
모가디슈,20210730,1,108873,335438,1619
모가디슈,20210731,1,210973,546411,1686
모가디슈,20210801,1,241879,788290,1688
모가디슈,20210802,1,125796,914086,1620
모가디슈,20210803,1,121225,1035311,1666
모가디슈,20210804,1,104104,1139415,1600
모가디슈,20210805,1,92346,1231761,1592
모가디슈,20210806,1,91311,1323072,1620
모가디슈,20210807,1,192631,1515703,1638
모가디슈,20210808,1,196672,1712375,1639
모가디슈,20210809,1,75348,1787723,1559
모가디슈,20210810,1,72213,1859936,1571
모가디슈,20210811,2,57818,1917754,1125
모가디슈,20210812,2,53390,1971144,1148
모가디슈,20210813,2,62967,2034111,1202
모가디슈,20210814,2,134124,2168235,1258
모가디슈,20210815,2,150760,2318995,1273
모가디슈,20210816,2,123975,2442970,1249
모가디슈,20210817,2,45473,2488443,1166
모가디슈,20210818,3,35978,2524421,918
모가디슈,20210819,3,34465,2558886,953
모가디슈,20210820,3,40285,2599171,950
모가디슈,20210821,3,93540,2692711,968
모가디슈,20210822,3,88544,2781255,969
모가디슈,20210823,3,29629,2810884,903
모가디슈,20210824,3,27955,2838839,905
모가디슈,20210825,3,35142,2873981,829
모가디슈,20210826,3,24460,2898441,823
모가디슈,20210827,3,29955,2928396,876
싱크홀,20210811,1,147297,154658,1431
싱크홀,20210812,1,120111,274769,1441
싱크홀,20210813,1,125694,400463,1491
싱크홀,20210814,1,251728,652191,1572
싱크홀,20210815,1,270152,922343,1603
싱크홀,20210816,1,219613,1141956,1584
싱크홀,20210817,1,79351,1221307,1477
싱크홀,20210818,2,59334,1280641,1206
싱크홀,20210819,2,50814,1331455,1235
싱크홀,20210820,2,56454,1387909,1240
싱크홀,20210821,2,133720,1521629,1252
싱크홀,20210822,2,136331,1657960,1250
싱크홀,20210823,2,38359,1696319,1160
싱크홀,20210824,2,35374,1731693,1170
싱크홀,20210825,2,43003,1774696,1039
싱크홀,20210826,2,27536,1802232,1052
싱크홀,20210827,2,30757,1832989,1053
싱크홀,20210828,2,74862,1907851,1107
싱크홀,20210829,2,74665,1982516,1119
싱크홀,20210830,3,19747,2002263,988
싱크홀,20210831,3,18770,2021033,982
싱크홀,20210901,4,12413,2033446,645
싱크홀,20210902,4,11207,2044653,657
싱크홀,20210903,4,12140,2056793,646
싱크홀,20210904,4,27576,2084369,675
싱크홀,20210905,4,27090,2111459,683
싱크홀,20210906,4,6589,2118048,584
싱크홀,20210907,4,6104,2124152,593
싱크홀,20210908,5,5194,2129346,561
싱크홀,20210909,5,5987,2135333,557
싱크홀,20210910,4,5677,2141010,557
헌트,20220810,1,210790,227665,1548
헌트,20220811,1,173395,401060,1495
헌트,20220812,1,211968,613028,1519
헌트,20220813,1,394402,1007430,1623
헌트,20220814,1,504134,1511564,1625
헌트,20220815,1,438235,1949799,1583
헌트,20220816,1,146396,2096195,1489
헌트,20220817,1,123185,2219380,1314
헌트,20220818,1,108003,2327383,1381
헌트,20220819,1,133324,2460707,1408
헌트,20220820,1,303769,2764476,1579
헌트,20220821,1,277638,3042114,1561
헌트,20220822,1,89267,3131381,1402
헌트,20220823,1,81838,3213219,1422
헌트,20220824,1,71561,3284780,1135
헌트,20220825,1,65367,3350147,1170
헌트,20220826,1,80156,3430303,1179
헌트,20220827,1,156279,3586582,1221
헌트,20220828,2,133470,3720052,1207
헌트,20220829,2,44998,3765050,1122
헌트,20220830,2,43711,3808761,1138
헌트,20220831,2,72638,3881399,1139
헌트,20220901,2,31694,3913093,1134
헌트,20220902,2,40667,3953760,1160
헌트,20220903,2,84321,4038081,1233
헌트,20220904,2,78515,4116596,1223
헌트,20220905,2,22588,4139184,1093
헌트,20220906,2,20938,4160122,1110
헌트,20220907,5,6404,4166526,585
헌트,20220908,3,11430,4177956,583
헌트,20220909,3,23550,4201506,565
올빼미,20221123,1,101581,114564,1381
올빼미,20221124,1,66802,181366,1380
올빼미,20221125,1,123176,304542,1433
올빼미,20221126,1,260517,565059,1541
올빼미,20221127,1,252630,817689,1533
올빼미,20221128,1,75324,893013,1456
올빼미,20221129,1,96636,989649,1490
올빼미,20221130,1,137667,1127316,1269
올빼미,20221201,1,83226,1210542,1270
올빼미,20221202,1,95842,1306384,1359
올빼미,20221203,1,235134,1541518,1471
올빼미,20221204,1,222131,1763649,1478
올빼미,20221205,1,68698,1832347,1329
올빼미,20221206,1,68722,1901069,1357
올빼미,20221207,1,75018,1976087,1337
올빼미,20221208,1,75860,2051947,1336
올빼미,20221209,1,102532,2154479,1446
올빼미,20221210,1,193220,2347699,1479
올빼미,20221211,1,172792,2520491,1462
올빼미,20221212,1,65260,2585751,1414
올빼미,20221213,1,66228,2651979,1441
올빼미,20221214,2,32251,2684230,765
올빼미,20221215,2,33683,2717913,816
올빼미,20221216,2,45812,2763725,840
올빼미,20221217,2,67545,2831270,839
올빼미,20221218,2,61860,2893130,808
올빼미,20221219,2,28385,2921515,817
올빼미,20221220,2,30777,2952292,839
올빼미,20221221,3,17468,2969760,510
올빼미,20221222,3,16006,2985766,507
올빼미,20221223,3,22468,3008234,528
영웅,20221221,2,105398,116575,1314
영웅,20221222,2,83910,200485,1306
영웅,20221223,2,103065,303550,1236
영웅,20221224,2,245316,548866,1097
영웅,20221225,2,255868,804734,1092
영웅,20221226,2,82183,886917,1091
영웅,20221227,2,80566,967483,1133
영웅,20221228,2,101618,1069101,1032
영웅,20221229,2,84832,1153933,1003
영웅,20221230,2,128410,1282343,1046
영웅,20221231,2,205336,1487679,1074
영웅,20230101,2,185254,1672933,1099
영웅,20230102,2,68901,1741834,1036
영웅,20230103,2,61500,1803334,1016
영웅,20230104,4,48340,1851674,858
영웅,20230105,2,49248,1900922,875
영웅,20230106,2,63372,1964294,874
영웅,20230107,2,133408,2097702,924
영웅,20230108,2,125892,2223594,927
영웅,20230109,3,39871,2263465,796
영웅,20230110,3,37874,2301339,823
영웅,20230111,3,38130,2339469,871
영웅,20230112,3,35111,2374580,873
영웅,20230113,3,45553,2420133,920
영웅,20230114,3,96428,2516561,965
영웅,20230115,3,88237,2604798,937
영웅,20230116,3,27590,2632388,840
영웅,20230117,3,27097,2659485,851
영웅,20230118,5,14833,2674318,648
영웅,20230119,5,15371,2689689,660
영웅,20230120,5,23643,2713332,710
콘크리트 유토피아,20230809,1,230978,248612,1461
콘크리트 유토피아,20230810,1,167935,416547,1499
콘크리트 유토피아,20230811,1,250979,667526,1621
콘크리트 유토피아,20230812,1,450903,1118429,1731
콘크리트 유토피아,20230813,1,427792,1546221,1698
콘크리트 유토피아,20230814,1,287155,1833376,1615
콘크리트 유토피아,20230815,2,303132,2136508,1133
콘크리트 유토피아,20230816,2,93571,2230079,1100
콘크리트 유토피아,20230817,2,80235,2310314,1118
콘크리트 유토피아,20230818,2,96092,2406406,1175
콘크리트 유토피아,20230819,2,207533,2613939,1184
콘크리트 유토피아,20230820,2,177871,2791810,1168
콘크리트 유토피아,20230821,2,58223,2850033,1054
콘크리트 유토피아,20230822,2,51393,2901426,1090
콘크리트 유토피아,20230823,2,50948,2952374,1148
콘크리트 유토피아,20230824,2,49412,3001786,1099
콘크리트 유토피아,20230825,2,60835,3062621,1121
콘크리트 유토피아,20230826,2,125569,3188190,1129
콘크리트 유토피아,20230827,2,111474,3299664,1121
콘크리트 유토피아,20230828,2,38097,3337761,1057
콘크리트 유토피아,20230829,2,37170,3374931,1083
콘크리트 유토피아,20230830,3,50031,3424962,911
콘크리트 유토피아,20230831,3,29895,3454857,925
콘크리트 유토피아,20230901,3,31813,3486670,963
콘크리트 유토피아,20230902,3,67736,3554406,962
콘크리트 유토피아,20230903,3,58183,3612589,970
콘크리트 유토피아,20230904,4,17266,3629855,891
콘크리트 유토피아,20230905,4,15403,3645258,890
콘크리트 유토피아,20230906,5,12362,3657620,717
콘크리트 유토피아,20230907,4,12190,3669810,719
콘크리트 유토피아,20230908,3,17764,3687574,763
파일럿,20240731,1,373859,425303,1827
파일럿,20240801,1,223746,649049,1805
파일럿,20240802,1,249189,898238,1811
파일럿,20240803,1,441577,1339815,1954
파일럿,20240804,1,404673,1744488,1956
파일럿,20240805,1,157828,1902316,1796
파일럿,20240806,1,144970,2047286,1827
파일럿,20240807,1,131424,2178710,1736
파일럿,20240808,1,127355,2306065,1746
파일럿,20240809,1,147241,2453306,1795
파일럿,20240810,1,307553,2760859,1865
파일럿,20240811,1,268428,3029287,1842
파일럿,20240812,1,93481,3122768,1667
파일럿,20240813,1,89240,3212008,1682
파일럿,20240814,2,85345,3297353,984
파일럿,20240815,1,204693,3502046,1126
파일럿,20240816,2,95764,3597810,1173
파일럿,20240817,2,158790,3756600,1340
파일럿,20240818,2,129595,3886195,1309
파일럿,20240819,2,40581,3926776,1025
파일럿,20240820,2,37134,3963910,1043
파일럿,20240821,2,41393,4005303,963
파일럿,20240822,2,33096,4038399,931
파일럿,20240823,2,39938,4078337,939
파일럿,20240824,2,93031,4171368,951
파일럿,20240825,2,81667,4253035,937
파일럿,20240826,2,23207,4276242,859
파일럿,20240827,2,22275,4298517,872
파일럿,20240828,3,38400,4336917,838
파일럿,20240829,2,23973,4360890,848
파일럿,20240830,2,29762,4390652,854
탈주,20240703,1,112667,126570,1234
탈주,20240704,2,80960,207530,1223
탈주,20240705,2,110013,317543,1186
탈주,20240706,2,222064,539607,1096
탈주,20240707,2,197022,736629,1079
탈주,20240708,1,69083,805712,1031
탈주,20240709,1,65096,870808,1062
탈주,20240710,1,66612,937420,1116
탈주,20240711,1,57662,995082,1110
탈주,20240712,3,60050,1055132,899
탈주,20240713,2,147099,1202231,939
탈주,20240714,2,142179,1344410,932
탈주,20240715,1,46999,1391409,862
탈주,20240716,1,46164,1437573,902
탈주,20240717,2,50064,1487637,914
탈주,20240718,1,49240,1536877,939
탈주,20240719,1,79796,1616673,992
탈주,20240720,1,153656,1770329,1060
탈주,20240721,1,138843,1909172,1058
탈주,20240722,1,48624,1957796,910
탈주,20240723,1,46885,2004681,942
탈주,20240724,3,35724,2040405,879
탈주,20240725,3,34225,2074630,884
탈주,20240726,3,42370,2117000,878
탈주,20240727,3,82603,2199603,875
탈주,20240728,3,82451,2282054,899
탈주,20240729,3,40767,2322821,840
탈주,20240730,3,41512,2364333,900
탈주,20240731,5,32358,2396691,699
탈주,20240801,5,19238,2415929,681
탈주,20240802,5,20986,2436915,693
교섭,20230118,1,104795,106471,1289
교섭,20230119,1,67513,173984,1279
교섭,20230120,1,91472,265456,1281
교섭,20230121,1,163179,428635,1281
교섭,20230122,1,232034,660669,1266
교섭,20230123,1,286895,947564,1263
교섭,20230124,1,190290,1137854,1231
교섭,20230125,1,59948,1197802,937
교섭,20230126,1,36617,1234419,945
교섭,20230127,2,40310,1274729,937
교섭,20230128,2,89329,1364058,955
교섭,20230129,2,75886,1439944,948
교섭,20230130,2,25065,1465009,857
교섭,20230131,2,24049,1489058,871
교섭,20230201,3,20015,1509073,799
교섭,20230202,2,18604,1527677,781
교섭,20230203,2,21062,1548739,783
교섭,20230204,3,38340,1587079,782
교섭,20230205,3,32959,1620038,761
교섭,20230206,3,12707,1632745,663
교섭,20230207,3,11587,1644332,674
교섭,20230208,5,7853,1652185,619
교섭,20230209,4,7552,1659737,631
교섭,20230210,4,8707,1668444,627
교섭,20230211,4,15291,1683735,689
교섭,20230212,4,14129,1697864,681
교섭,20230213,4,5334,1703198,537
교섭,20230214,6,5876,1709074,574
핸섬가이즈,20240626,4,66952,87062,935
핸섬가이즈,20240627,4,42686,129748,904
핸섬가이즈,20240628,3,57145,186893,916
핸섬가이즈,20240629,3,126946,313839,943
핸섬가이즈,20240630,2,145034,458873,965
핸섬가이즈,20240701,2,55451,514324,866
핸섬가이즈,20240702,2,54955,569279,936
핸섬가이즈,20240703,3,45668,614947,1049
핸섬가이즈,20240704,3,40882,655829,1065
핸섬가이즈,20240705,3,61633,717462,1051
핸섬가이즈,20240706,3,135248,852710,1029
핸섬가이즈,20240707,3,117137,969847,1004
핸섬가이즈,20240708,3,34920,1004767,916
핸섬가이즈,20240709,3,34328,1039095,919
핸섬가이즈,20240710,3,36931,1076026,957
핸섬가이즈,20240711,3,33775,1109801,954
핸섬가이즈,20240712,4,40500,1150301,767
핸섬가이즈,20240713,4,91422,1241723,793
핸섬가이즈,20240714,4,82446,1324169,792
핸섬가이즈,20240715,4,24392,1348561,702
핸섬가이즈,20240716,4,23661,1372222,714
핸섬가이즈,20240717,5,21980,1394202,685
핸섬가이즈,20240718,5,21486,1415688,730
핸섬가이즈,20240719,4,36019,1451707,782
핸섬가이즈,20240720,4,74135,1525842,864
핸섬가이즈,20240721,4,65497,1591339,878
핸섬가이즈,20240722,4,22308,1613647,739
핸섬가이즈,20240723,4,20354,1634001,727
핸섬가이즈,20240724,6,10223,1644224,532
핸섬가이즈,20240725,6,10198,1654422,550
핸섬가이즈,20240726,6,13708,1668130,537
인질,20210818,1,97352,104365,1114
인질,20210819,1,80268,184633,1125
인질,20210820,1,83916,268549,1190
인질,20210821,1,186220,454769,1278
인질,20210822,1,184116,638885,1288
인질,20210823,1,52859,691744,1157
인질,20210824,1,50036,741780,1179
인질,20210825,1,66304,808084,1186
인질,20210826,1,46616,854700,1186
인질,20210827,1,53740,908440,1240
인질,20210828,1,116829,1025269,1292
인질,20210829,1,114660,1139929,1294
인질,20210830,1,34463,1174392,1164
인질,20210831,1,35258,1209650,1152
인질,20210901,2,29343,1238993,896
인질,20210902,2,23610,1262603,900
인질,20210903,2,26975,1289578,932
인질,20210904,2,56543,1346121,994
인질,20210905,2,52562,1398683,990
인질,20210906,2,14614,1413297,867
인질,20210907,2,15039,1428336,863
인질,20210908,2,13096,1441432,825
인질,20210909,3,11458,1452890,788
인질,20210910,3,13373,1466263,816
인질,20210911,3,27945,1494208,920
인질,20210912,3,27408,1521616,932
인질,20210913,2,11037,1532653,777
인질,20210914,2,11418,1544071,783
인질,20210915,8,4957,1549028,457
인질,20210916,5,6389,1555417,456
인질,20210917,5,7131,1562548,486
시민덕희,20240124,1,61242,91384,1136
시민덕희,20240125,1,50242,141626,1147
시민덕희,20240126,1,66955,208581,1167
시민덕희,20240127,1,153661,362242,1272
시민덕희,20240128,1,142748,504990,1270
시민덕희,20240129,1,46761,551751,1138
시민덕희,20240130,1,46050,597801,1177
시민덕희,20240131,2,64682,662483,966
시민덕희,20240201,2,38132,700615,965
시민덕희,20240202,2,40652,741267,993
시민덕희,20240203,2,97162,838429,1083
시민덕희,20240204,2,92539,930968,1071
시민덕희,20240205,2,31503,962471,963
시민덕희,20240206,2,25307,987778,974
시민덕희,20240207,6,15046,1002824,696
시민덕희,20240208,2,26979,1029803,796
시민덕희,20240209,2,74694,1104497,925
시민덕희,20240210,2,136776,1241273,1154
시민덕희,20240211,2,142172,1383445,1281
시민덕희,20240212,2,104969,1488414,1250
시민덕희,20240213,3,23076,1511490,862
시민덕희,20240214,4,18381,1529871,826
시민덕희,20240215,4,16555,1546426,800
시민덕희,20240216,4,18493,1564919,820
시민덕희,20240217,4,39375,1604294,836
시민덕희,20240218,4,35829,1640123,812
시민덕희,20240219,4,13224,1653347,699
시민덕희,20240220,4,12412,1665759,697
시민덕희,20240221,4,11598,1677357,645
시민덕희,20240222,7,3728,1681085,398
시민덕희,20240223,7,3695,1684780,393
외계+인 2부,20240110,1,94495,103534,1268
외계+인 2부,20240111,1,64993,168527,1269
외계+인 2부,20240112,1,84840,253367,1335
외계+인 2부,20240113,1,206416,459783,1390
외계+인 2부,20240114,1,189318,649101,1366
외계+인 2부,20240115,1,43510,692611,1243
외계+인 2부,20240116,1,41111,733722,1273
외계+인 2부,20240117,1,41458,775180,1253
외계+인 2부,20240118,1,40751,815931,1253
외계+인 2부,20240119,1,51234,867165,1322
외계+인 2부,20240120,1,114994,982159,1379
외계+인 2부,20240121,1,111568,1093727,1357
외계+인 2부,20240122,1,28763,1122490,1224
외계+인 2부,20240123,1,26421,1148911,1240
외계+인 2부,20240124,2,18917,1167828,873
외계+인 2부,20240125,2,15994,1183822,853
외계+인 2부,20240126,2,22999,1206821,923
외계+인 2부,20240127,2,52772,1259593,977
외계+인 2부,20240128,2,47209,1306802,935
외계+인 2부,20240129,2,13128,1319930,827
외계+인 2부,20240130,2,13174,1333104,839
외계+인 2부,20240131,3,16516,1349620,663
외계+인 2부,20240201,3,7856,1357476,635
외계+인 2부,20240202,3,9498,1366974,650
외계+인 2부,20240203,3,19961,1386935,687
외계+인 2부,20240204,3,19309,1406244,670
외계+인 2부,20240205,4,5504,1411748,581
외계+인 2부,20240206,4,5282,1417030,582
곤지암,20180328,1,198365,266448,808
곤지암,20180329,1,117945,384393,849
곤지암,20180330,1,185811,570204,954
곤지암,20180331,1,423340,993544,1075
곤지암,20180401,1,373836,1367380,1124
곤지암,20180402,1,109505,1476885,927
곤지암,20180403,1,87577,1564462,977
곤지암,20180404,1,92046,1656508,989
곤지암,20180405,2,78273,1734781,896
곤지암,20180406,2,111319,1846100,922
곤지암,20180407,1,226594,2072694,950
곤지암,20180408,2,175711,2248405,947
곤지암,20180409,2,47017,2295422,843
곤지암,20180410,2,40526,2335948,845
곤지암,20180411,3,40888,2376836,844
곤지암,20180412,5,24288,2401124,543
곤지암,20180413,5,37043,2438167,552
곤지암,20180414,5,76299,2514466,608
곤지암,20180415,6,52792,2567258,586
곤지암,20180416,6,13543,2580801,498
곤지암,20180417,6,11893,2592694,491
곤지암,20180418,6,11576,2604270,499
곤지암,20180419,7,8387,2612657,374
곤지암,20180420,7,10770,2623427,392
곤지암,20180421,7,21697,2645124,427
곤지암,20180422,7,17253,2662377,416
곤지암,20180423,7,5227,2667604,361
곤지암,20180424,8,4645,2672249,347
박열,20170628,1,201987,221162,917
박열,20170629,1,141299,362461,995
박열,20170630,1,174136,536597,1066
박열,20170701,1,330776,867373,1176
박열,20170702,1,313188,1180561,1172
박열,20170703,1,113352,1293913,1089
박열,20170704,1,104154,1398067,1102
박열,20170705,2,59576,1457643,743
박열,20170706,2,56290,1513933,756
박열,20170707,2,73706,1587639,747
박열,20170708,2,136469,1724108,708
박열,20170709,2,118132,1842240,686
박열,20170710,2,43647,1885887,691
박열,20170711,2,45160,1931047,710
박열,20170712,2,39140,1970187,653
박열,20170713,2,35493,2005680,594
박열,20170714,2,45994,2051674,630
박열,20170715,3,85482,2137156,638
박열,20170716,3,75059,2212215,620
박열,20170717,2,27965,2240180,577
박열,20170718,2,26207,2266387,602
박열,20170719,3,23249,2289636,557
박열,20170720,5,11184,2300820,389
박열,20170721,5,11516,2312336,385
박열,20170722,8,14396,2326732,334
박열,20170723,8,12139,2338871,325
박열,20170724,8,6788,2345659,351
박열,20170725,10,6838,2352497,341
나쁜 녀석들: 더 무비,20190911,2,244335,269559,1139
나쁜 녀석들: 더 무비,20190912,1,442565,712124,1221
나쁜 녀석들: 더 무비,20190913,1,640253,1352377,1331
나쁜 녀석들: 더 무비,20190914,1,756981,2109358,1483
나쁜 녀석들: 더 무비,20190915,1,571572,2680930,1511
나쁜 녀석들: 더 무비,20190916,1,197828,2878758,1251
나쁜 녀석들: 더 무비,20190917,1,136687,3015445,1285
나쁜 녀석들: 더 무비,20190918,1,128152,3143597,1172
나쁜 녀석들: 더 무비,20190919,1,102196,3245793,1052
나쁜 녀석들: 더 무비,20190920,1,131298,3377091,1083
나쁜 녀석들: 더 무비,20190921,1,284383,3661474,1225
나쁜 녀석들: 더 무비,20190922,1,245295,3906769,1196
나쁜 녀석들: 더 무비,20190923,1,75530,3982299,1084
나쁜 녀석들: 더 무비,20190924,1,65944,4048243,1114
나쁜 녀석들: 더 무비,20190925,2,89092,4137335,881
나쁜 녀석들: 더 무비,20190926,2,46264,4183599,891
나쁜 녀석들: 더 무비,20190927,2,59036,4242635,921
나쁜 녀석들: 더 무비,20190928,3,109811,4352446,1000
나쁜 녀석들: 더 무비,20190929,3,89779,4442225,985
나쁜 녀석들: 더 무비,20190930,3,38765,4480990,872
나쁜 녀석들: 더 무비,20191001,3,31809,4512799,871
나쁜 녀석들: 더 무비,20191002,6,10438,4523237,407
나쁜 녀석들: 더 무비,20191003,7,16081,4539318,379
나쁜 녀석들: 더 무비,20191004,8,6991,4546309,359
나쁜 녀석들: 더 무비,20191005,8,5941,4552250,271
나쁜 녀석들: 더 무비,20191006,8,4441,4556691,263
나쁜 녀석들: 더 무비,20191007,6,2362,4559053,287
나쁜 녀석들: 더 무비,20191008,8,2462,4561515,276
