movie_title,keyword,count,weighted_count,rank
왕과 사는 남자,배우,317,802.6671423522273,1
왕과 사는 남자,감독,156,517.9784429909769,2
왕과 사는 남자,역사,105,506.3750116292088,3
왕과 사는 남자,천만,112,454.5470195870629,4
왕과 사는 남자,생각,101,383.8663023159876,5
왕과 사는 남자,지금,57,374.8669650868045,6
왕과 사는 남자,눈물,108,344.07106363937584,7
왕과 사는 남자,세조,70,328.5209207616838,8
왕과 사는 남자,정도,41,283.0680319395716,9
왕과 사는 남자,수양,53,271.00730034823954,10
왕과 사는 남자,조선,46,257.9077753485538,11
왕과 사는 남자,그냥,53,256.7377091733754,12
왕과 사는 남자,극장,25,212.0816728252161,13
왕과 사는 남자,문종,47,210.54129810457835,14
왕과 사는 남자,여기,36,202.05511922976453,15
왕과 사는 남자,계속,41,199.7400694893275,16
왕과 사는 남자,마음,44,198.8647580198155,17
왕과 사는 남자,영월,38,196.3332785044656,18
왕과 사는 남자,작품,39,194.04838149565154,19
왕과 사는 남자,세종,50,187.74668935005303,20
왕과 사는 남자,마지막,58,179.3528016811457,21
왕과 사는 남자,축하,46,177.88924594619223,22
왕과 사는 남자,이번,41,174.62040156849525,23
왕과 사는 남자,최고,76,174.28959660847656,24
왕과 사는 남자,나이,21,160.883598673575,25
왕과 사는 남자,모습,33,157.04976252197707,26
왕과 사는 남자,얼굴,28,151.16776174729387,27
왕과 사는 남자,대군,44,143.0568391386858,28
왕과 사는 남자,하나,44,134.09848510807123,29
왕과 사는 남자,엄마,23,126.9031025511259,30
명량,생각,7,25.614820258529445,1
명량,복장,6,25.54857922812889,2
명량,소름,9,25.29097747106626,3
명량,이순신,17,24.22301429740952,4
명량,한산,6,21.233843226349656,5
명량,지금,5,19.61580790359578,6
명량,조선군,5,18.862943611198904,7
명량,이순신장군,7,17.638780276210895,8
명량,전투,5,17.588482363054958,9
명량,설정,4,17.032386152085927,10
명량,장군,14,16.718184202173404,11
명량,기대,8,15.720647168348696,12
명량,우리나라,5,15.27061866847773,13
명량,노량,5,14.122746460255229,14
명량,다시,4,13.309110822337669,15
명량,대박,4,12.560264653985083,16
명량,갑옷,3,11.671115273688493,17
명량,상황,3,11.615038874652036,18
명량,용기,3,11.557894289739952,19
명량,역시,5,11.40466922731032,20
명량,배우,5,11.40466922731032,21
명량,일본,8,11.243720864865315,22
명량,감동,3,10.69484807238461,23
명량,우리,3,10.69484807238461,24
명량,레전드,3,10.616921613174828,25
명량,스토리,5,10.148097085905793,26
명량,곳도,4,10.016309587105097,27
명량,세자,4,10.016309587105097,28
명량,대한민국,3,9.360790608600272,29
명량,국민,3,9.360790608600272,30
극한직업,지금,66,286.45904948596075,1
극한직업,통닭,46,211.09119427257068,2
극한직업,갈비,49,210.34763387572772,3
극한직업,마지막,32,153.5005663415845,4
극한직업,연기,24,147.41746280660672,5
극한직업,배우,34,112.78425234211674,6
극한직업,개봉,21,112.08964048829588,7
극한직업,개그,19,105.86789215123464,8
극한직업,마약,16,89.39006265625343,9
극한직업,그냥,25,83.8319551827391,10
극한직업,진심,15,83.26598890492336,11
극한직업,생각,28,81.16931498702272,12
극한직업,이하늬,18,78.95289116601862,13
극한직업,계속,21,78.71831458387513,14
극한직업,작품,14,74.61710268217365,15
극한직업,기대,29,72.72914330322564,16
극한직업,재미,21,69.94587536917558,17
극한직업,노래,18,69.80308628215694,18
극한직업,장면,20,65.74942910367996,19
극한직업,웃기,22,65.37415675271032,20
극한직업,정도,12,64.96569461450385,21
극한직업,민족,15,64.58497432410887,22
극한직업,배달,14,61.245209569985605,23
극한직업,사람,33,58.28368641396956,24
극한직업,스포,10,57.99090878625398,25
극한직업,진선규,18,52.297538178610374,26
극한직업,아시,16,52.020668777703925,27
극한직업,반전,10,50.8260930600368,28
극한직업,이번,13,50.40708858978334,29
극한직업,웃음,17,49.93701176696063,30
파묘,연기,195,556.0383472662871,1
파묘,배우,206,505.12142216863026,2
파묘,김고은,93,384.2088321961699,3
파묘,감독,152,361.2092925183068,4
파묘,박지훈,107,318.44866156522704,5
파묘,유해진,118,268.64913144051235,6
파묘,사람,103,266.7524324277096,7
파묘,작품,41,260.78010176614913,8
파묘,계속,43,247.6964872330306,9
파묘,단종,102,245.13718210853557,10
파묘,오컬트,96,244.31034156446682,11
파묘,기대,110,243.72938664965207,12
파묘,한국,68,238.1304237017885,13
파묘,윤석열,72,228.74103935111782,14
파묘,최민식,75,227.766144544578,15
파묘,생각,73,210.17804426804372,16
파묘,계엄,60,206.62771569273417,17
파묘,바하,89,188.754352865301,18
파묘,이도현,30,179.2951149280645,19
파묘,장면,51,170.00725458068257,20
파묘,지금,53,168.66936140105506,21
파묘,그냥,65,163.31822561887185,22
파묘,장르,34,155.75620828281447,23
파묘,민주당,44,148.1221779192328,24
파묘,극장,47,142.9503406754385,25
파묘,국민,48,141.26061700402443,26
파묘,대통령,42,129.46135910689773,27
파묘,나라,38,120.36685474922389,28
파묘,댓글,37,119.1756888916538,29
파묘,천만,55,116.08633449513563,30
서울의 봄,전두환,337,849.0562558236404,1
서울의 봄,사람,130,631.6841654685721,2
서울의 봄,대통령,226,628.5921779266112,3
서울의 봄,계엄,134,538.4928100629606,4
서울의 봄,지금,121,501.2180799373255,5
서울의 봄,윤석열,131,399.8592363831087,6
서울의 봄,국민,138,368.8211203396772,7
서울의 봄,대한민국,107,339.9708144901446,8
서울의 봄,개봉,67,282.1829526067315,9
서울의 봄,계엄령,70,275.7413345445918,10
서울의 봄,역사,108,264.5022883347635,11
서울의 봄,나라,85,250.25938534414792,12
서울의 봄,선포,43,235.89885729322168,13
서울의 봄,생각,80,228.34743644238583,14
서울의 봄,알고리즘,58,222.79506337438897,15
서울의 봄,좌파,72,198.28937816965498,16
서울의 봄,쿠데타,75,190.31878564995876,17
서울의 봄,북한,72,188.8726488887834,18
서울의 봄,국회,40,182.32804521887283,19
서울의 봄,박정희,77,180.9443572050742,20
서울의 봄,비상계엄,28,175.1159631180218,21
서울의 봄,탄핵,56,174.41384024350194,22
서울의 봄,다시,59,173.5222904648404,23
서울의 봄,우리,64,155.17524642700974,24
서울의 봄,군사,55,151.33627237546455,25
서울의 봄,국가,50,148.28563881757466,26
서울의 봄,이재명,57,148.1347807769031,27
서울의 봄,민주당,43,144.5355858342954,28
서울의 봄,선동,47,144.48308519811025,29
서울의 봄,사건,52,144.1617519352896,30
범죄도시2,배우,62,181.78330625327573,1
범죄도시2,누가,35,160.94700090313,2
범죄도시2,장첸,83,158.85188939390798,3
범죄도시2,빌런,52,153.1873277508763,4
범죄도시2,기대,73,124.59295678094784,5
범죄도시2,대박,23,115.25939316104021,6
범죄도시2,악역,39,106.82551369396269,7
범죄도시2,해상,45,105.07504800295528,8
범죄도시2,연기,43,98.13567505270441,9
범죄도시2,생각,29,92.71951274275037,10
범죄도시2,터널,59,87.10402741399447,11
범죄도시2,사람,50,87.09686723646887,12
범죄도시2,석도,27,82.25542942093301,13
범죄도시2,펀치,18,81.96767097847696,14
범죄도시2,느낌,32,79.45676760251013,15
범죄도시2,주먹,22,74.29438913108994,16
범죄도시2,동석,25,74.21274952431386,17
범죄도시2,정도,16,73.5843699998732,18
범죄도시2,존나,23,72.28027019593145,19
범죄도시2,편도,25,71.56321350290655,20
범죄도시2,소리,24,70.84427722980308,21
범죄도시2,스토리,23,67.03032120036892,22
범죄도시2,경찰,21,65.52553426020191,23
범죄도시2,캐릭터,24,65.27486327047117,24
범죄도시2,재미,23,64.21046779224527,25
범죄도시2,싱글,11,62.65973530439023,26
범죄도시2,격감,14,61.073005676842484,27
범죄도시2,개인,20,58.04215052793842,28
범죄도시2,걱정,13,57.21556596160803,29
범죄도시2,최고,23,54.37925545122565,30
신과함께-죄와 벌,그냥,31,98.66630068862418,1
신과함께-죄와 벌,원작,64,89.27960372741562,2
신과함께-죄와 벌,내용,30,89.08321939396522,3
신과함께-죄와 벌,웹툰,36,79.64177785706273,4
신과함께-죄와 벌,김자,36,77.1792796892243,5
신과함께-죄와 벌,생각,39,71.61367294382413,6
신과함께-죄와 벌,마지막,36,67.34982088070632,7
신과함께-죄와 벌,소방관,20,64.05529515423669,8
신과함께-죄와 벌,귀인,27,61.52960103747445,9
신과함께-죄와 벌,느낌,16,56.9620811364094,10
신과함께-죄와 벌,사람,39,55.80053372760571,11
신과함께-죄와 벌,무슨,14,54.74026257391946,12
신과함께-죄와 벌,울음,10,53.0406509320417,13
신과함께-죄와 벌,김주혁,15,52.845876236285655,14
신과함께-죄와 벌,배우,23,43.87381219382421,15
신과함께-죄와 벌,눈물,33,40.958347874957305,16
신과함께-죄와 벌,스토리,23,39.437027872960904,17
신과함께-죄와 벌,감동,34,37.781671593747625,18
신과함께-죄와 벌,부분,11,36.4279842136536,19
신과함께-죄와 벌,신파,9,35.499950812497964,20
신과함께-죄와 벌,망작,15,33.05959206488904,21
신과함께-죄와 벌,차태현,19,32.663330672300916,22
신과함께-죄와 벌,이건,13,31.985230332556963,23
신과함께-죄와 벌,한국,16,31.8177822952605,24
신과함께-죄와 벌,한국영,10,30.79441541679836,25
신과함께-죄와 벌,명작,11,29.660942183661028,26
신과함께-죄와 벌,이형,8,29.52994466228663,27
신과함께-죄와 벌,냄새,7,28.311657064063958,28
신과함께-죄와 벌,작품,10,27.91759469228055,29
신과함께-죄와 벌,감독,15,27.70946790580805,30
국제시장,눈물,102,593.7332154257628,1
국제시장,아버지,94,585.1664085072754,2
국제시장,우리,75,339.9753800501123,3
국제시장,연기,73,308.01792426047615,4
국제시장,지금,58,273.1182647401188,5
국제시장,시대,59,222.58273461214708,6
국제시장,생각,48,217.50002447569693,7
국제시장,사람,70,213.66033868297194,8
국제시장,할아버지,50,205.40838514418897,9
국제시장,김윤진,35,194.34356059605665,10
국제시장,장면,45,182.71218576112028,11
국제시장,세대,62,162.97368536959289,12
국제시장,다시,32,159.81372363012412,13
국제시장,시절,29,157.29059673808302,14
국제시장,감동,35,142.7289630126837,15
국제시장,배우,35,142.54426601415418,16
국제시장,대한민국,41,140.21286502798597,17
국제시장,나라,41,129.9597631931428,18
국제시장,남자,17,120.60648010610471,19
국제시장,역사,29,118.64023114739116,20
국제시장,기억,19,116.23589346817766,21
국제시장,그냥,23,115.67220174538228,22
국제시장,가장,16,114.97316395184701,23
국제시장,정치,29,114.38873039582677,24
국제시장,마지막,20,110.68422194095194,25
국제시장,부모님,19,109.80334636911907,26
국제시장,고생,31,108.69170549529385,27
국제시장,인생,20,105.36595738691078,28
국제시장,마음,18,104.78924548472708,29
국제시장,동생,15,101.04858446218788,30
한산: 용의 출현,전쟁,126,319.0200652042758,1
한산: 용의 출현,이순신장군,112,303.837207591499,2
한산: 용의 출현,전투,85,292.98990440845273,3
한산: 용의 출현,조선,180,291.81126256827406,4
한산: 용의 출현,생각,97,276.62241545856784,5
한산: 용의 출현,국뽕,103,273.8450999335351,6
한산: 용의 출현,역사,108,253.12335264371822,7
한산: 용의 출현,나라,102,244.64442752702968,8
한산: 용의 출현,배우,102,244.64442752702968,9
한산: 용의 출현,우리,99,242.06835125313958,10
한산: 용의 출현,실제,71,240.51954117977357,11
한산: 용의 출현,선조,78,223.5376604277786,12
한산: 용의 출현,장면,63,204.24975937419015,13
한산: 용의 출현,사람,88,195.9272180956635,14
한산: 용의 출현,박해일,99,191.1029758107222,15
한산: 용의 출현,영화관,36,159.39702176019327,16
한산: 용의 출현,바다,67,148.75724567205924,17
한산: 용의 출현,기대,49,147.26134490677958,18
한산: 용의 출현,웅장,44,141.22995890908555,19
한산: 용의 출현,원균,75,138.54733952904027,20
한산: 용의 출현,가토,33,137.75053905952,21
한산: 용의 출현,정도,60,136.01685620923945,22
한산: 용의 출현,승리,50,134.87243948784067,23
한산: 용의 출현,존경,44,132.11914088773165,24
한산: 용의 출현,위해,45,130.66940374220476,25
한산: 용의 출현,기록,51,128.04019596767085,26
한산: 용의 출현,해군,57,122.54461823417263,27
한산: 용의 출현,압도,31,120.76774473216405,28
한산: 용의 출현,가슴,44,119.00891605849071,29
한산: 용의 출현,임진왜란,88,116.74821226244441,30
공조2: 인터내셔날,윤아,87,331.34571529037794,1
공조2: 인터내셔날,현빈,91,294.9683891358652,2
공조2: 인터내셔날,기대,55,193.87506088444331,3
공조2: 인터내셔날,유해진,38,128.93776582032535,4
공조2: 인터내셔날,다니엘,34,107.57596361006857,5
공조2: 인터내셔날,연기,23,90.72209652082813,6
공조2: 인터내셔날,다니엘헤니,35,89.48239044034953,7
공조2: 인터내셔날,배우,28,77.66474698431055,8
공조2: 인터내셔날,범죄,25,74.0726931355971,9
공조2: 인터내셔날,천만,15,67.29532785003694,10
공조2: 인터내셔날,액션,15,57.08067817594158,11
공조2: 인터내셔날,개봉,16,56.33145763975538,12
공조2: 인터내셔날,북한,35,56.123725765459035,13
공조2: 인터내셔날,도시,16,52.741047679687206,14
공조2: 인터내셔날,소년단,12,52.441983268973125,15
공조2: 인터내셔날,조선,12,52.441983268973125,16
공조2: 인터내셔날,김삼순,17,49.04985396306093,17
공조2: 인터내셔날,무조건,13,48.98100266544982,18
공조2: 인터내셔날,이건,18,46.96988242381381,19
공조2: 인터내셔날,완전,11,46.56648159925294,20
공조2: 인터내셔날,이후,17,46.071384449634394,21
공조2: 인터내셔날,이번,16,41.13946719382244,22
공조2: 인터내셔날,다시,12,39.530602119882346,23
공조2: 인터내셔날,벌써,10,39.33856869835904,24
공조2: 인터내셔날,대박,14,38.747266847085925,25
공조2: 인터내셔날,경찰,10,37.85011242238338,26
공조2: 인터내셔날,헤니,13,37.410124687374136,27
공조2: 인터내셔날,생각,10,35.87764035227708,28
공조2: 인터내셔날,진선규,13,33.922692861643306,29
공조2: 인터내셔날,그대로,10,32.823823856765266,30
베테랑2,정해,369,1225.3920027592342,1
베테랑2,연기,111,515.1661003521534,2
베테랑2,범죄,210,457.3636466964586,3
베테랑2,빌런,139,407.75656614170447,4
베테랑2,도시,180,399.3950550275436,5
베테랑2,유아인,144,328.898233727924,6
베테랑2,황정민,144,325.5362133123573,7
베테랑2,배우,73,309.3254218998328,8
베테랑2,기대,95,305.932964501922,9
베테랑2,경찰,101,280.1175297591414,10
베테랑2,악역,66,247.2814075913032,11
베테랑2,사람,69,231.6721386913865,12
베테랑2,생각,56,170.1522770053377,13
베테랑2,액션,72,156.24513019081832,14
베테랑2,개봉,58,141.0918691020595,15
베테랑2,감독,60,134.3024538625961,16
베테랑2,다시,34,129.00986416757033,17
베테랑2,류승완,61,128.67839961520582,18
베테랑2,드라마,25,120.69428632451387,19
베테랑2,하나,33,119.29367267519453,20
베테랑2,형사,49,115.91807862194058,21
베테랑2,시리즈,43,113.19437951832836,22
베테랑2,다른,27,112.68216317136897,23
베테랑2,이번,30,112.09589017272236,24
베테랑2,느낌,58,100.65015703291867,25
베테랑2,정도,20,100.0738038790794,26
베테랑2,비질,50,97.77557225137181,27
베테랑2,그냥,48,97.27866187406498,28
베테랑2,란테,50,96.60820405152226,29
베테랑2,한번,19,87.14233432262947,30
밀수,배우,62,205.85063160475954,1
밀수,연기,44,152.74865794474465,2
밀수,기대,27,72.38421566323862,3
밀수,여름,20,70.75314430347059,4
밀수,느낌,26,66.40628325112432,5
밀수,스토리,18,55.304511702547366,6
밀수,라인업,17,53.672727126282844,7
밀수,극장,16,43.812332548433105,8
밀수,한국영,22,43.70288979204288,9
밀수,캐스팅,11,39.957969134534714,10
밀수,액션,17,38.72022884199062,11
밀수,예상,15,38.52923876870768,12
밀수,그냥,18,37.43856280180722,13
밀수,내용,16,35.16325106099745,14
밀수,정도,16,34.54779056775271,15
밀수,재미,16,34.23094853101384,16
밀수,대박,8,31.50270636108071,17
밀수,혜수,11,31.356599661760875,18
밀수,생각,13,31.02182669455858,19
밀수,흥행,13,29.981271494802606,20
밀수,한국,12,28.882963779871513,21
밀수,조합,8,28.125426467638032,22
밀수,마약,10,27.578579175523736,23
밀수,어제,8,26.618221644675337,24
밀수,킬링타임,7,26.408121055678468,25
밀수,다음,6,25.700486076034633,26
밀수,소재,9,25.29097747106626,27
밀수,사람,10,25.040773967762743,28
밀수,모가디슈,8,24.75956582572641,29
밀수,뭔가,9,23.68275137237588,30
하얼빈,안중근,312,734.876204643767,1
하얼빈,일본,209,537.6308979175341,2
하얼빈,독립,127,501.7830760030348,3
하얼빈,지금,119,419.04056921759604,4
하얼빈,배우,120,402.8298525046912,5
하얼빈,기대,107,355.55429343719504,6
하얼빈,생각,87,351.58726761335316,7
하얼빈,역사,141,349.13138782733796,8
하얼빈,현빈,148,331.3952828330592,9
하얼빈,한국,79,310.39078267424895,10
하얼빈,우리,123,303.35945946159154,11
하얼빈,나라,128,286.62779112423436,12
하얼빈,의사,106,254.68291357511814,13
하얼빈,개봉,67,245.5791730912797,14
하얼빈,영웅,103,241.96835112312814,15
하얼빈,사람,77,232.347273290387,16
하얼빈,대한민국,88,220.5807530263906,17
하얼빈,감독,64,209.33352925948577,18
하얼빈,시국,50,204.04960587524076,19
하얼빈,천만,55,182.33776300821472,20
하얼빈,연기,76,176.4534438386563,21
하얼빈,이토,98,166.9233560983484,22
하얼빈,국민,61,165.44249390989216,23
하얼빈,조선,90,164.08802779273287,24
하얼빈,가슴,40,161.54209082947676,25
하얼빈,독립운동,37,158.42377795553097,26
하얼빈,그냥,49,154.85317466987573,27
하얼빈,영화로,35,145.04532975352924,28
하얼빈,작품,38,140.97251589732574,29
하얼빈,늑대,53,138.69870747695077,30
노량: 죽음의 바다,이순신,67,213.76812157454037,1
노량: 죽음의 바다,마즈,49,194.3704920973562,2
노량: 죽음의 바다,배우,35,126.42589502896246,3
노량: 죽음의 바다,고니시,30,110.22445948279587,4
노량: 죽음의 바다,전투,23,100.3094578079044,5
노량: 죽음의 바다,장군,29,98.7202135011627,6
노량: 죽음의 바다,일본,31,88.48267461249105,7
노량: 죽음의 바다,히로,24,84.29533497542675,8
노량: 죽음의 바다,경장,21,83.70941927329464,9
노량: 죽음의 바다,노량해전,15,71.78555458124214,10
노량: 죽음의 바다,아귀,20,69.61462556755039,11
노량: 죽음의 바다,기대,14,63.77487286085179,12
노량: 죽음의 바다,명량,22,57.003953022849885,13
노량: 죽음의 바다,한산,20,54.094961844768505,14
노량: 죽음의 바다,시마,10,49.85273467167738,15
노량: 죽음의 바다,그냥,11,46.8390619182363,16
노량: 죽음의 바다,장수,12,42.06631124388883,17
노량: 죽음의 바다,이순신장군,11,41.68439586346623,18
노량: 죽음의 바다,포스,9,39.93808523249727,19
노량: 죽음의 바다,조선,17,39.26866349970038,20
노량: 죽음의 바다,실제,7,31.801193039709613,21
노량: 죽음의 바다,하라,11,30.370865916174314,22
노량: 죽음의 바다,지금,12,30.269118425333644,23
노량: 죽음의 바다,가장,8,28.89525072439446,24
노량: 죽음의 바다,임진왜란,8,28.74709834225656,25
노량: 죽음의 바다,다이묘,5,28.307752597120995,26
노량: 죽음의 바다,다른,5,28.250717758154114,27
노량: 죽음의 바다,생각,12,27.861070079787837,28
노량: 죽음의 바다,역사,10,27.578579175523736,29
노량: 죽음의 바다,정도,9,27.46143598241826,30
엑시트,윤아,120,548.7937835235467,1
엑시트,조정석,113,458.262397186391,2
엑시트,재난,53,254.4634328679712,3
엑시트,코믹,52,208.22614227037323,4
엑시트,연기,39,143.60091387325903,5
엑시트,탈출,24,142.3047595529287,6
엑시트,신파,30,132.66266222080594,7
엑시트,게임,24,120.75087423011912,8
엑시트,사람,24,114.08203140603617,9
엑시트,코미디,31,106.0536262492357,10
엑시트,기대,22,90.58604660024288,11
엑시트,재난영화,25,88.10318407353203,12
엑시트,배우,17,87.73223372983854,13
엑시트,웃기,19,77.36264543010635,14
엑시트,때문,14,71.22046501840883,15
엑시트,주인공,12,64.15161101829815,16
엑시트,화이팅,11,62.56806810723965,17
엑시트,소재,13,62.41977417350871,18
엑시트,따따,21,59.91966460677726,19
엑시트,건가,15,58.84742371078734,20
엑시트,액션,14,56.859407412855994,21
엑시트,심마니,13,56.74031721706865,22
엑시트,영화로,14,55.99016275605882,23
엑시트,이건,17,55.841267962129166,24
엑시트,스토리,18,55.55451572143937,25
엑시트,정석,17,55.5331024240557,26
엑시트,백수,9,52.070743567194505,27
엑시트,영화관,12,51.9148121182644,28
엑시트,내용,16,48.5029171598956,29
엑시트,임윤아,8,47.632519540862894,30
백두산,마동석,97,379.6175060556364,1
백두산,이병헌,108,297.08735748641567,2
백두산,폭발,102,245.6275676684821,3
백두산,재난,59,194.0470472257174,4
백두산,수지,67,182.92350560731762,5
백두산,재난영화,52,173.69692189079842,6
백두산,배우,62,156.13537578108506,7
백두산,한국,36,131.78332663947452,8
백두산,쁘띠,33,127.538232231515,9
백두산,사람,50,115.95428057132202,10
백두산,연기,33,112.76084965766907,11
백두산,기대,34,104.9500977802449,12
백두산,역할,20,104.76889812391715,13
백두산,느낌,42,87.80705299879517,14
백두산,내용,28,87.44726494510994,15
백두산,배수지,46,86.93344384107598,16
백두산,소재,23,83.33837383280701,17
백두산,남북,20,77.3010789982375,18
백두산,장면,26,77.29831404966072,19
백두산,그냥,31,73.97512519471661,20
백두산,터널,17,67.10801291951392,21
백두산,생각,24,63.60623776690453,22
백두산,이번,15,62.62908281079103,23
백두산,이건,16,61.15396251779293,24
백두산,정도,16,58.78637839082446,25
백두산,감독,21,56.340173000767265,26
백두산,마지막,22,54.18235764132894,27
백두산,무슨,13,54.10467907163358,28
백두산,미국,21,53.34934585989013,29
백두산,화산폭발,13,52.48320302443614,30
안시성,조인성,73,227.8591943389899,1
안시성,양만춘,57,145.8668505235736,2
안시성,설현,34,109.79897742500552,3
안시성,사극,29,105.17330232228277,4
안시성,장군,31,94.95861164504971,5
안시성,배우,30,92.8791253089314,6
안시성,고증,36,88.08908338570771,7
안시성,고구려,37,83.7783381906063,8
안시성,연기,22,82.16906838848695,9
안시성,목소리,20,66.73973039422756,10
안시성,갑옷,20,60.69411295676889,11
안시성,대조영,17,60.136219629214594,12
안시성,사람,23,60.01707198598431,13
안시성,전투,17,57.20982268256336,14
안시성,투구,23,54.37925545122565,15
안시성,전쟁,14,42.98662020375906,16
안시성,차라리,14,41.099151084433736,17
안시성,한국,12,39.63102111592855,18
안시성,캐스팅,17,38.72022884199062,19
안시성,역사,22,38.22717674887714,20
안시성,발성,9,37.348946580431246,21
안시성,생각,18,34.493233173734794,22
안시성,수준,11,33.998152066271466,23
안시성,무게,8,33.507332939067936,24
안시성,드라마,13,33.30840535858621,25
안시성,무슨,12,31.511606572623727,26
안시성,당태종,13,30.249322228438167,27
안시성,정도,12,29.596044825521126,28
안시성,느낌,18,29.44779780095994,29
안시성,위해,13,29.42799650735826,30
내부자들,계엄,59,203.91883224762984,1
내부자들,윤석열,57,189.92249246363212,2
내부자들,탄핵,33,106.60122614198366,3
내부자들,대통령,28,94.68279226935663,4
내부자들,민주당,24,90.16416876651941,5
내부자들,지금,24,90.03684751300678,6
내부자들,내란,26,90.01759620323418,7
내부자들,국민,26,85.66643921940351,8
내부자들,댓글,24,84.77695648864618,9
내부자들,국가,21,74.08026348354117,10
내부자들,생각,20,73.48297298853058,11
내부자들,사람,24,73.01524787352909,12
내부자들,나라,20,71.83032769692517,13
내부자들,대한민국,18,69.11510445139338,14
내부자들,선동,16,59.981955129959445,15
내부자들,이재명,18,58.311485226484365,16
내부자들,장관,14,51.778730501204834,17
내부자들,서울,21,51.08910191185045,18
내부자들,이준석,26,50.22051330412853,19
내부자들,중국,13,49.10600362854257,20
내부자들,민주주의,14,48.954375504090045,21
내부자들,자유,16,48.63353013012218,22
내부자들,독재,13,45.22018487295023,23
내부자들,선포,13,44.26323124748803,24
내부자들,다시,12,41.04441754380515,25
내부자들,위해,11,40.38109822364047,26
내부자들,간첩,10,40.252910757955355,27
내부자들,그냥,12,40.02449898980444,28
내부자들,계몽,11,39.29109829455393,29
내부자들,세력,10,38.735646395797836,30
인천상륙작전,대한민국,65,216.34618044129914,1
인천상륙작전,북한,68,205.41223351963708,2
인천상륙작전,희생,63,176.5440105795477,3
인천상륙작전,지금,50,174.0783874261243,4
인천상륙작전,나라,58,169.56260966816473,5
인천상륙작전,전쟁,58,141.56728159990183,6
인천상륙작전,우리,51,140.5126359043902,7
인천상륙작전,역사,46,139.99991407737076,8
인천상륙작전,학도병,46,113.14277917345025,9
인천상륙작전,전투,37,110.8107136851156,10
인천상륙작전,자유,32,98.29114765500192,11
인천상륙작전,위해,45,93.76589873031453,12
인천상륙작전,사람,37,92.09109506165903,13
인천상륙작전,생각,36,90.14678628394587,14
인천상륙작전,흥행,24,89.45539242495899,15
인천상륙작전,한국,42,80.88231798480535,16
인천상륙작전,장군,25,80.04147936010213,17
인천상륙작전,빨갱이,46,79.36083277512651,18
인천상륙작전,우리나라,27,74.87281807782936,19
인천상륙작전,시국,18,73.72944445298891,20
인천상륙작전,맥아더,24,73.14462824076614,21
인천상륙작전,목숨,22,72.75664545950761,22
인천상륙작전,제발,27,72.56978340400819,23
인천상륙작전,개봉,31,70.26128800052538,24
인천상륙작전,포화,21,63.90455184768818,25
인천상륙작전,군인,16,58.00918366844755,26
인천상륙작전,이영화,30,57.08603134626043,27
인천상륙작전,문재인,28,56.68612086240286,28
인천상륙작전,당시,16,53.1385836570717,29
인천상륙작전,국가,17,52.09864975020982,30
마스터,게이,77,313.1702769372063,1
마스터,백종원,143,293.62369170969777,2
마스터,심사,72,213.52011454361593,3
마스터,평가,50,102.19020260865572,4
마스터,두꺼비,28,91.96786444975828,5
마스터,이제,17,89.15284006172126,6
마스터,방송,37,88.29289136143596,7
마스터,본인,27,82.38430794725477,8
마스터,사람,39,81.17344880711055,9
마스터,넷플,19,61.29485530156252,10
마스터,때문,25,58.89587884087955,11
마스터,누굴,19,58.88073661730331,12
마스터,사기꾼,24,57.27106466687738,13
마스터,백씨,26,55.54516803292487,14
마스터,모자이크,24,53.77888265876765,15
마스터,댓글,18,52.59262675457255,16
마스터,기대,8,48.73772224870943,17
마스터,자격,12,48.43865121689095,18
마스터,그냥,18,41.92444705103895,19
마스터,위원,20,40.59238834362317,20
마스터,브금,9,38.91812706473424,21
마스터,웅장,7,38.81369369813036,22
마스터,가슴,8,37.07433011063627,23
마스터,셰프,18,35.65492655421107,24
마스터,영상,10,33.60854001118022,25
마스터,지금,9,33.57026197038887,26
마스터,보기,15,33.356631474331735,27
마스터,새끼,14,32.37060944552636,28
마스터,미국,5,32.216415683991116,29
마스터,설탕,7,31.713873820133383,30
청년경찰,완전,5,12.175422626446615,1
청년경찰,수사,5,11.931471805599454,2
청년경찰,원본,6,11.08378716232322,3
청년경찰,박서준,4,8.714619985366586,4
청년경찰,그거,4,8.04640364671392,5
청년경찰,제발,4,7.243720864865315,6
청년경찰,중심,3,7.158883083359672,7
청년경찰,학업,3,6.897848952390782,8
청년경찰,선서,3,6.897848952390782,9
청년경찰,액션,2,5.58351893845611,10
청년경찰,그때,3,5.54189358116161,11
청년경찰,돌라,3,5.54189358116161,12
청년경찰,자기,3,5.54189358116161,13
청년경찰,장각,3,5.54189358116161,14
청년경찰,장면,3,5.54189358116161,15
청년경찰,강하늘,3,5.54189358116161,16
청년경찰,휴대폰,3,5.54189358116161,17
청년경찰,배경화면,3,5.54189358116161,18
청년경찰,사람,2,4.772588722239782,19
청년경찰,하이,2,4.772588722239782,20
청년경찰,명예,2,4.505525936990736,21
청년경찰,브금,2,3.83258146374831,22
청년경찰,패러디,2,3.386294361119891,23
청년경찰,우리,1,3.1972245773362196,24
청년경찰,개봉,1,3.1972245773362196,25
청년경찰,박소,1,3.1972245773362196,26
청년경찰,기대,1,3.1972245773362196,27
청년경찰,이씨,1,2.386294361119891,28
청년경찰,시간,1,2.386294361119891,29
청년경찰,가장,1,2.386294361119891,30
1987,국민,20,85.20035536398751,1
1987,독재,18,80.13149389484977,2
1987,사람,22,76.33206190845867,3
1987,역사,22,75.46920621908647,4
1987,민주화,19,66.70676058763397,5
1987,우리,16,62.07840732846191,6
1987,타도,13,61.494116371715435,7
1987,배우,15,60.0356522440899,8
1987,나라,19,58.50938929191688,9
1987,전두환,29,57.69297690439041,10
1987,민주주의,16,53.04012180788165,11
1987,대한민국,13,51.38254600704122,12
1987,지금,12,46.904650758772334,13
1987,철폐,9,45.64684535733038,14
1987,책상,12,41.90192511159089,15
1987,노태우,15,41.194456427269465,16
1987,좌파,10,40.77312260546414,17
1987,시절,10,40.726933146901196,18
1987,정권,12,40.21650308596173,19
1987,한국,8,40.14906192389123,20
1987,소재,10,39.28523523860541,21
1987,박종철,13,38.71849052251007,22
1987,정치,11,37.100682868340236,23
1987,민주,8,35.1761760820134,24
1987,위해,12,34.3067852647882,25
1987,대통령,11,33.362136786494375,26
1987,보수,8,31.50270636108071,27
1987,사건,13,30.769391578416258,28
1987,자유,7,30.605468913522323,29
1987,국가,7,30.32543157122643,30
완벽한 타인,리메이크,4,17.79995018332635,1
완벽한 타인,추천,4,17.768077504729643,2
완벽한 타인,제작비,4,17.768077504729643,3
완벽한 타인,이서진,5,14.584613060910305,4
완벽한 타인,혹시,4,14.18212508641774,5
완벽한 타인,꿀잼,3,12.318240992168567,6
완벽한 타인,배우,4,12.190771373461022,7
완벽한 타인,이영화,3,11.254605939125847,8
완벽한 타인,내용,4,10.63291230641413,9
완벽한 타인,제목,5,10.493061443340551,10
완벽한 타인,올해,2,10.221747728346623,11
완벽한 타인,연기,3,10.193685818395112,12
완벽한 타인,유해진,6,10.158883083359672,13
완벽한 타인,여기,5,9.777557225137182,14
완벽한 타인,기대,3,9.478452748060118,15
완벽한 타인,처음,2,9.475339236566736,16
완벽한 타인,게이,3,9.360790608600272,17
완벽한 타인,내내,2,9.194624521176891,18
완벽한 타인,결말,2,9.110696122978826,19
완벽한 타인,사실,3,8.977290494070619,20
완벽한 타인,남자,2,8.69980817454921,21
완벽한 타인,쓰레기,3,8.691359954657644,22
완벽한 타인,보지,3,8.375278407684165,23
완벽한 타인,제발,2,8.227030618420748,24
완벽한 타인,인생,3,8.203803166164318,25
완벽한 타인,브금,4,8.04640364671392,26
완벽한 타인,원작,2,7.2053793708887675,27
완벽한 타인,등장인물,2,6.969813299576001,28
완벽한 타인,성공,2,6.969813299576001,29
완벽한 타인,요기,2,6.2801323269925415,30
독전,류준열,316,944.195690089442,1
독전,배우,182,596.5139206995552,2
독전,선생,162,392.7121370947997,3
독전,연기,102,324.99969966233624,4
독전,생각,63,233.07155901835404,5
독전,영락,81,211.36447090716214,6
독전,계엄,59,203.91883224762984,7
독전,기대,67,203.12235704445345,8
독전,윤석열,57,189.92249246363212,9
독전,사람,70,187.49015487447363,10
독전,류준,48,180.70778614938027,11
독전,다른,43,162.59468932696942,12
독전,중국,58,160.91332813793878,13
독전,캐스팅,49,147.66353594725325,14
독전,몰입,53,146.44161625731803,15
독전,그냥,57,141.04089283191897,16
독전,느낌,54,130.33944010663225,17
독전,댓글,37,118.8487353650354,18
독전,소리,55,118.34471626901319,19
독전,하나,42,112.68034600153453,20
독전,작품,36,111.84625857124621,21
독전,리메이크,50,110.89378547474635,22
독전,탄핵,34,108.92713478415205,23
독전,지금,31,108.7731772898882,24
독전,바람,47,98.30025658226454,25
독전,대한민국,22,94.72951844087227,26
독전,대통령,28,94.68279226935663,27
독전,이유,29,94.65356260321185,28
독전,대리,39,94.29586603533785,29
독전,주인공,42,91.96253080870112,30
강철비,북한,159,549.105868637536,1
강철비,일본,133,475.3633739531649,2
강철비,미국,75,242.9467681966299,3
강철비,대통령,70,222.346164729922,4
강철비,납치,47,162.26615457963777,5
강철비,유연석,44,151.6368398010497,6
강철비,반일,37,149.26440310387252,7
강철비,중국,32,121.64686866373235,8
강철비,김정은,27,111.22002251551619,9
강철비,현실,32,107.62271087393538,10
강철비,개봉,27,103.02202278445543,11
강철비,우리,26,87.32553855077232,12
강철비,폭파,22,83.8549993609471,13
강철비,남북,22,80.83127028738363,14
강철비,역할,19,79.17353884638851,15
강철비,미화,21,73.75841810349841,16
강철비,평화,24,71.544035252798,17
강철비,연락,20,70.59441331155585,18
강철비,사람,27,69.43583478018384,19
강철비,사무소,20,67.68330159972936,20
강철비,배우,22,66.19412743824942,21
강철비,반미,17,61.35647422991482,22
강철비,시국,16,60.54782943135611,23
강철비,생각,18,58.41768022477375,24
강철비,망향,27,55.29515100793259,25
강철비,종북,12,54.86252836128749,26
강철비,감독,19,53.20936983473938,27
강철비,비빔국수,26,53.19518243474988,28
강철비,연기,22,52.4984759446376,29
강철비,정치,13,50.68547181833296,30
남한산성,인조,42,96.02085790764214,1
남한산성,이병헌,22,68.60576138862831,2
남한산성,김윤석,12,37.797868061299624,3
남한산성,캐스팅,15,36.28626275914322,4
남한산성,연기,9,31.929367959243276,5
남한산성,역사,19,30.60727256413649,6
남한산성,최명길,9,29.822714362625675,7
남한산성,조선,20,26.72944473242426,8
남한산성,전쟁,8,25.00200862168904,9
남한산성,광해군,10,22.52762968495368,10
남한산성,나라,14,22.11745893354119,11
남한산성,항복,9,21.723240017772042,12
남한산성,제발,9,20.962223525519477,13
남한산성,외교,9,19.835755238933423,14
남한산성,중국,9,19.214819395550858,15
남한산성,사극,10,19.162907318741553,16
남한산성,명나라,14,18.275343093716547,17
남한산성,명작,5,17.901084147961626,18
남한산성,우리,12,16.86558129729797,19
남한산성,중립,7,16.704060527839236,20
남한산성,김상헌,4,16.13018498670683,21
남한산성,개새끼,4,15.881657862278804,22
남한산성,얼마나,8,15.720647168348696,23
남한산성,배우,5,15.520670771351037,24
남한산성,임진왜란,7,15.327088468116854,25
남한산성,기대,6,15.242670245682893,26
남한산성,한국영,4,14.627027626858638,27
남한산성,사람,4,14.259797429846147,28
남한산성,김훈,4,14.18212508641774,29
남한산성,선조,10,14.054651081081644,30
꾼,연기,105,253.5188499990916,1
꾼,배우,63,201.97826869426072,2
꾼,그냥,26,95.73394258217269,3
꾼,지금,18,83.63375711451252,4
꾼,눈빛,35,81.7250373356319,5
꾼,눈물,33,70.2393533099871,6
꾼,이제,16,66.89047379276805,7
꾼,감독,29,66.5881546596422,8
꾼,천만,31,63.694124122656795,9
꾼,인간,15,62.79528949743961,10
꾼,자체,15,61.09039972035179,11
꾼,대박,19,60.52373497937602,12
꾼,최고,17,56.53931323769132,13
꾼,처음,26,54.56391950537086,14
꾼,느낌,25,53.76430068997051,15
꾼,개인,12,53.336189923222726,16
꾼,노래,18,51.38208666840754,17
꾼,장항준,20,50.30254465925719,18
꾼,마지막,24,50.03102512064088,19
꾼,생각,27,49.87704223045449,20
꾼,에일리언,27,48.10591560333754,21
꾼,영상,16,47.969534435614136,22
꾼,한명회,26,47.742448629216085,23
꾼,사람,28,46.90360290160348,24
꾼,기대,22,46.8262355399914,25
꾼,계속,21,45.67469061650635,26
꾼,모든,10,44.68856030135971,27
꾼,왕사,19,44.57438877765706,28
꾼,영화관,22,44.07264639500327,29
꾼,여운,19,43.50368298318556,30
히말라야,감동,25,31.940793414956985,1
히말라야,눈물,13,18.600177909201904,2
히말라야,사람,13,13.963403637998384,3
히말라야,슬픔,13,13.0,4
히말라야,박무,10,10.953101798043248,5
히말라야,어제,7,10.772975505128809,6
히말라야,실화,7,10.1638958662014,7
히말라야,영화관,7,7.0,8
히말라야,엄홍길,6,6.92490407896355,9
히말라야,이건,5,6.682361183106065,10
히말라야,무택,6,6.0,11
히말라야,마지막,6,6.0,12
히말라야,배우,6,6.0,13
히말라야,우리,6,6.0,14
히말라야,울음,5,5.911607783969774,15
히말라야,부어,2,4.505525936990736,16
히말라야,땜시,2,4.505525936990736,17
히말라야,시신,4,4.0,18
히말라야,꿀잼,4,4.0,19
히말라야,대리,4,4.0,20
히말라야,처음,4,4.0,21
히말라야,정우,4,4.0,22
히말라야,존나,4,4.0,23
히말라야,완전,3,3.8630462173553424,24
히말라야,박무택,3,3.8630462173553424,25
히말라야,최고,2,3.386294361119891,26
히말라야,적임,2,3.386294361119891,27
히말라야,이영화,2,3.386294361119891,28
히말라야,크게,2,3.386294361119891,29
히말라야,기억,3,3.0,30
모가디슈,기대,143,372.14610858788984,1
모가디슈,조인성,70,204.18458285274428,2
모가디슈,배우,69,202.69399240414228,3
모가디슈,감독,62,186.65674548055082,4
모가디슈,류승완,51,158.40830964708843,5
모가디슈,김윤석,44,135.24471490486872,6
모가디슈,연기,25,96.58357713770613,7
모가디슈,대박,19,82.02400139793744,8
모가디슈,블랙호크다운,26,81.9922873596725,9
모가디슈,군함도,26,78.65278695862916,10
모가디슈,교환,16,66.21132674881193,11
모가디슈,느낌,24,63.02321314524745,12
모가디슈,북한,23,62.29993602217716,13
모가디슈,허준호,18,61.4327967029324,14
모가디슈,극장,16,59.26199727506767,15
모가디슈,정만식,21,58.62694885378915,16
모가디슈,스케일,14,55.8398929770553,17
모가디슈,역시,13,50.237151529407754,18
모가디슈,작품,18,49.572344542413745,19
모가디슈,실화,13,48.598622157768006,20
모가디슈,와우,19,46.550193334613965,21
모가디슈,개봉,15,46.4395626544657,22
모가디슈,액션,14,42.85992250648021,23
모가디슈,이번,12,42.62455143150754,24
모가디슈,소말리아,19,42.36901752385474,25
모가디슈,한국영,9,38.32286884219334,26
모가디슈,최고,13,36.943008567435314,27
모가디슈,신파,14,36.92652305161115,28
모가디슈,완전,24,36.852437672552696,29
모가디슈,생각,11,36.72133493155737,30
싱크홀,광수,26,127.51182494269014,1
싱크홀,런닝맨,24,118.06788048640433,2
싱크홀,당신,13,73.69057879507872,3
싱크홀,살인자,12,68.97391783667538,4
싱크홀,신파,17,58.388961855120904,5
싱크홀,배신,8,50.27577567780787,6
싱크홀,코믹,9,42.32405498621645,7
싱크홀,감독,15,35.28589214166314,8
싱크홀,바로,7,34.503144072577015,9
싱크홀,배우,11,32.54694909280343,10
싱크홀,이형,8,32.49777611858259,11
싱크홀,재난영화,13,31.269453229177607,12
싱크홀,여기,6,30.24073804833277,13
싱크홀,현실,9,27.06721237849272,14
싱크홀,존나,5,25.570735947591402,15
싱크홀,홍보,4,25.223157525546952,16
싱크홀,게스트,4,25.09712315487918,17
싱크홀,시트,10,24.58615022699517,18
싱크홀,광구,12,24.49744649793793,19
싱크홀,거기,4,23.08273849786266,20
싱크홀,김종국,4,22.519451194313852,21
싱크홀,억지,5,22.16993602242573,22
싱크홀,재석,4,21.452394499153453,23
싱크홀,중간,5,20.174764933536366,24
싱크홀,우리,9,18.547847646167362,25
싱크홀,코미디,7,17.85418188687817,26
싱크홀,이미지,5,17.340497657358096,27
싱크홀,마지막,4,16.954713808657523,28
싱크홀,바닥,3,16.913880026433247,29
싱크홀,연기,8,16.78889830934488,30
헌트,이정재,134,345.6037634337954,1
헌트,기대,124,280.76301308629667,2
헌트,정우성,128,248.05502809313742,3
헌트,배우,95,247.89660168123956,4
헌트,노래,59,247.33267903644452,5
헌트,한국,50,172.55025490561596,6
헌트,생각,34,116.51401552883519,7
헌트,연기,46,107.4626505619833,8
헌트,스토리,26,107.04013532697196,9
헌트,느낌,24,96.82925436968574,10
헌트,긴장감,36,91.66967195281069,11
헌트,사람,29,89.05272088916492,12
헌트,작품,22,75.5570306870163,13
헌트,그냥,14,74.9167883923007,14
헌트,장면,33,74.1980107075934,15
헌트,루미,29,73.38577512896869,16
헌트,다시,19,73.3532238052509,17
헌트,감독,40,66.19703870958989,18
헌트,사자,31,64.04049644119868,19
헌트,제발,19,59.48396188528034,20
헌트,버스,33,58.74523239913598,21
헌트,영어,11,57.80464532210474,22
헌트,정도,15,57.0200720328865,23
헌트,박진,17,56.53931323769132,24
헌트,서로,19,56.535296986572,25
헌트,역시,15,54.370028882447386,26
헌트,최고,17,54.12913037689804,27
헌트,내용,11,51.29917810742611,28
헌트,응원,23,48.26808263936653,29
헌트,보이즈,22,47.77602332102599,30
올빼미,연기,70,287.05149077947834,1
올빼미,배우,51,212.70435987556644,2
올빼미,기대,62,153.90491942867183,3
올빼미,대박,19,78.09000697495568,4
올빼미,사람,17,73.35933418164433,5
올빼미,소름,18,69.63354028766008,6
올빼미,생각,11,58.20874396018655,7
올빼미,얼굴,10,56.57762636107262,8
올빼미,느낌,10,54.84131857611035,9
올빼미,사극,11,50.98710043900474,10
올빼미,캐스팅,11,50.3350577297798,11
올빼미,최고,10,47.01301974112493,12
올빼미,연기력,12,39.32720742011707,13
올빼미,몰입,7,37.11492907817181,14
올빼미,장면,9,34.43990349159051,15
올빼미,정도,7,33.800489775423664,16
올빼미,누가,6,33.64101279184292,17
올빼미,예고,8,33.38265509093435,18
올빼미,그냥,6,31.168155216338292,19
올빼미,세자,8,29.796636024427364,20
올빼미,인조,16,28.060348838022083,21
올빼미,벌써,6,27.30344869642054,22
올빼미,포스터,5,26.821858497175803,23
올빼미,현실,4,25.7436121180024,24
올빼미,오히려,4,25.7436121180024,25
올빼미,류준,7,24.55906003038736,26
올빼미,스토리,7,23.693762338617123,27
올빼미,연예인,4,23.49314841178013,28
올빼미,심장,4,22.38047940053836,29
올빼미,조선시대,4,22.267795892671575,30
영웅,연기,201,693.9449146708283,1
영웅,박지훈,188,615.8183052050373,2
영웅,시즌,164,384.9800672935904,3
영웅,배우,124,362.69439320103635,4
영웅,기대,111,338.7767249915811,5
영웅,수호,126,259.3232368414849,6
영웅,단종,102,245.13718210853557,7
영웅,원작,87,230.5486085940752,8
영웅,사람,82,227.91812888417175,9
영웅,유해진,91,219.86205327027403,10
영웅,드라마,70,212.2330417837585,11
영웅,백진,87,202.72301799363856,12
영웅,눈빛,48,177.5847336687213,13
영웅,웹툰,75,175.12508000492548,14
영웅,그냥,71,174.49186486919285,15
영웅,성제,56,159.89015255727085,16
영웅,생각,53,145.40236727373411,17
영웅,액션,40,136.18761263724798,18
영웅,장면,40,134.43416004472087,19
영웅,안수호,54,126.82191778940035,20
영웅,느낌,55,123.75892027374206,21
영웅,마지막,48,122.57995231552857,22
영웅,언제,36,122.05046424287345,23
영웅,캐스팅,44,121.82587784414766,24
영웅,개봉,73,117.88151962217279,25
영웅,대박,32,113.8467740851618,26
영웅,완전,34,108.37065755036906,27
영웅,코로나,75,100.23541774659097,28
영웅,감독,36,96.26315160858017,29
영웅,이건,29,95.47340518742126,30
콘크리트 유토피아,이병헌,342,1187.898807541194,1
콘크리트 유토피아,연기,182,726.2205164292299,2
콘크리트 유토피아,아파트,215,467.2538707489829,3
콘크리트 유토피아,사람,87,364.03067065056626,4
콘크리트 유토피아,배우,106,313.9670470329642,5
콘크리트 유토피아,생각,66,219.74650803032202,6
콘크리트 유토피아,기대,66,216.75957298550605,7
콘크리트 유토피아,병헌,56,197.03936867046,8
콘크리트 유토피아,박서준,56,159.89015255727085,9
콘크리트 유토피아,박보영,60,142.6755666869624,10
콘크리트 유토피아,재난,48,139.211525386662,11
콘크리트 유토피아,캐릭터,34,132.2726397684696,12
콘크리트 유토피아,느낌,52,125.32251925065587,13
콘크리트 유토피아,하나,41,112.41171099478915,14
콘크리트 유토피아,그냥,50,104.9306144334055,15
콘크리트 유토피아,주민,46,103.91192718219129,16
콘크리트 유토피아,한국,45,103.73963843638006,17
콘크리트 유토피아,연기력,26,100.30268527400035,18
콘크리트 유토피아,최고,25,96.12273459548518,19
콘크리트 유토피아,작품,32,92.65780041311035,20
콘크리트 유토피아,상황,28,91.76348398027316,21
콘크리트 유토피아,한국영,28,90.93070884270851,22
콘크리트 유토피아,감독,32,89.66791220043525,23
콘크리트 유토피아,재난영화,24,89.45539242495899,24
콘크리트 유토피아,소재,34,87.70588827567025,25
콘크리트 유토피아,현실,30,80.21929300715014,26
콘크리트 유토피아,신파,41,74.13687692413403,27
콘크리트 유토피아,개봉,20,72.56570465266695,28
콘크리트 유토피아,극장,21,72.50556153896535,29
콘크리트 유토피아,황궁,23,69.93507688282763,30
파일럿,배우,64,266.30283817275506,1
파일럿,여장,55,215.28787494052617,2
파일럿,기대,55,143.31872066355797,3
파일럿,여자,40,126.41781303331692,4
파일럿,연기,33,109.57991875039188,5
파일럿,사람,17,81.14842631641399,6
파일럿,개봉,21,72.84703247727275,7
파일럿,여름,14,64.02968272590763,8
파일럿,최강희,38,63.32619947215579,9
파일럿,이찬원,16,63.00541272216142,10
파일럿,그냥,19,62.54805668960667,11
파일럿,최고,11,57.56066924128401,12
파일럿,페미,24,57.27106466687738,13
파일럿,헤드윅,18,56.16474365160164,14
파일럿,생각,18,55.42994775023704,15
파일럿,남자,19,47.46603326915364,16
파일럿,역시,13,47.01884450679713,17
파일럿,썸네일,11,46.56648159925294,18
파일럿,왜케,8,42.22720579862611,19
파일럿,대박,15,40.84149896611655,20
파일럿,완전,13,39.90713519998529,21
파일럿,극장,10,39.652730660692825,22
파일럿,존나,11,38.41699240965722,23
파일럿,포인트,11,36.62441800505367,24
파일럿,결말,9,35.23286889918291,25
파일럿,한선화,8,34.254804992236714,26
파일럿,사랑,8,33.58938494040545,27
파일럿,정미,16,32.545180280488616,28
파일럿,어제,9,32.53463800232578,29
파일럿,재미,12,30.6977354165586,30
탈주,북한,66,255.98213905186665,1
탈주,계엄,59,203.91883224762984,2
탈주,윤석열,57,189.92249246363212,3
탈주,연기,39,134.72688652455636,4
탈주,생각,30,124.87974434609917,5
탈주,사람,29,113.37108212129993,6
탈주,기대,25,110.65537861593609,7
탈주,탄핵,34,108.92713478415205,8
탈주,대통령,30,100.35017426633993,9
탈주,댓글,27,92.81261909412224,10
탈주,민주당,24,90.16416876651941,11
탈주,내란,26,90.01759620323418,12
탈주,지금,23,87.07993668543732,13
탈주,국민,26,85.66643921940351,14
탈주,개봉,24,84.53735383302578,15
탈주,대한민국,20,84.09553800977399,16
탈주,나라,22,77.0807163773575,17
탈주,국가,22,76.83398481931444,18
탈주,위해,16,65.41116001961736,19
탈주,한국,17,61.35647422991482,20
탈주,선동,16,59.981955129959445,21
탈주,자유,21,59.91966460677726,22
탈주,그냥,20,59.62002937733167,23
탈주,이재명,18,58.311485226484365,24
탈주,군인,14,58.282854640665256,25
탈주,마지막,15,57.0200720328865,26
탈주,한번,12,56.36613908314358,27
탈주,다시,14,56.138836719643265,28
탈주,이제,17,53.08443313026576,29
탈주,무조건,10,52.6549281841793,30
교섭,현빈,86,284.71948452532496,1
교섭,사람,53,183.6904981053172,2
교섭,국민,50,177.78378603381037,3
교섭,사건,49,168.19439454926354,4
교섭,황정민,69,153.2638081424705,5
교섭,샘물교회,58,139.88600446125318,6
교섭,정부,35,133.9855500688107,7
교섭,배우,41,121.63062223482315,8
교섭,하나님,30,115.17235390525843,9
교섭,세금,43,114.91844117800912,10
교섭,국가,40,109.08883792361935,11
교섭,교회,54,104.27383148024794,12
교섭,연기,36,100.50334089220998,13
교섭,협상,31,99.2248743592072,14
교섭,그냥,34,96.06691870123677,15
교섭,선교,40,85.25608445964401,16
교섭,구출,16,81.35880544488974,17
교섭,기대,21,78.71831458387513,18
교섭,인간,22,76.16217689439264,19
교섭,액션,15,61.680490938752264,20
교섭,가지,13,59.86059787538895,21
교섭,면세점,18,58.311485226484365,22
교섭,쇼핑,17,56.733601066692906,23
교섭,외교부,12,56.140897850959696,24
교섭,국정원,12,56.140897850959696,25
교섭,반성,10,56.0816569496789,26
교섭,쓰레기,19,55.972292832050954,27
교섭,사탄,29,54.13750956371278,28
교섭,위해,11,52.16188207370673,29
교섭,하나,19,51.839407250613846,30
핸섬가이즈,배우,44,162.75237957171325,1
핸섬가이즈,데일,50,156.05316081853277,2
핸섬가이즈,리메이크,51,128.47985386291012,3
핸섬가이즈,연기,23,88.22265534881019,4
핸섬가이즈,원작,34,85.36013064511391,5
핸섬가이즈,기대,22,84.62286253793043,6
핸섬가이즈,이블,25,79.59503892510197,7
핸섬가이즈,이수,16,70.97602086170956,8
핸섬가이즈,사람,21,69.750525123267,9
핸섬가이즈,이희준,14,55.99016275605882,10
핸섬가이즈,시사회,12,53.175544953833224,11
핸섬가이즈,외국,18,45.5124392982078,12
핸섬가이즈,판권,12,44.08978379311834,13
핸섬가이즈,이성민,11,41.435797712376576,14
핸섬가이즈,하나,10,41.26760535960395,15
핸섬가이즈,경찰,8,40.73807244584864,16
핸섬가이즈,장면,13,36.62200460376049,17
핸섬가이즈,표절,15,35.0250160009851,18
핸섬가이즈,생각,11,34.481746423903736,19
핸섬가이즈,최고,9,34.38049733530835,20
핸섬가이즈,장르,9,33.69976060745776,21
핸섬가이즈,이건,8,32.86355411328735,22
핸섬가이즈,감독,15,32.13146100911773,23
핸섬가이즈,웃음,13,30.249322228438167,24
핸섬가이즈,코믹,13,28.850123593937415,25
핸섬가이즈,느낌,9,24.95760602594312,26
핸섬가이즈,뭔가,9,24.433185852827336,27
핸섬가이즈,한국영,6,21.689758668217188,28
핸섬가이즈,요즘,7,19.867956394040636,29
핸섬가이즈,정도,5,19.61580790359578,30
인질,현빈,80,263.70523839843605,1
인질,드루,64,209.53964860028847,2
인질,연기,48,155.42623544911078,3
인질,사람,43,155.1741372867906,4
인질,국민,31,118.1757063908889,5
인질,소재,29,116.32278025628827,6
인질,기대,32,115.50752410524665,7
인질,이건,19,95.06646369952203,8
인질,역할,16,78.02233324455992,9
인질,정부,17,73.93081656522706,10
인질,납치,30,72.57252551828644,11
인질,샘물교회,40,70.61871368558286,12
인질,사건,38,69.03692318803063,13
인질,한번,13,66.92408896180194,14
인질,본인,14,63.280532824273436,15
인질,개봉,17,61.575832112125255,16
인질,영화로,15,57.08067817594158,17
인질,교회,34,57.06329122234336,18
인질,박하,11,53.28760791922473,19
인질,느낌,18,52.59262675457255,20
인질,가지,10,48.32979798087693,21
인질,국정원,10,48.30812950002603,22
인질,공조,16,46.403841795554,23
인질,실제,19,46.314165454641376,24
인질,극장,8,44.59768782802706,25
인질,다시,9,44.50331545426023,26
인질,하나,14,41.93940322060128,27
인질,정민,11,40.98675577265377,28
인질,협상,22,40.497229946052215,29
인질,국가,24,40.130250512690715,30
보이스,성우,152,969.2042686979365,1
보이스,목소리,86,383.9907649190114,2
보이스,아버지,26,197.3890034217791,3
보이스,연기,21,168.0552817571275,4
보이스,두리,47,162.0072007565222,5
보이스,강림,58,148.05573555881574,6
보이스,원래,17,139.71780163116915,7
보이스,찰스,30,134.03451207010653,8
보이스,크리스,20,127.15529650382913,9
보이스,그냥,18,123.07623236095915,10
보이스,생각,15,122.10838034885893,11
보이스,사람,19,121.80340944561257,12
보이스,게임,18,116.28530068724567,13
보이스,신용우,24,114.47719771840855,14
보이스,마티,14,70.39059247939527,15
보이스,하리,25,66.40803745832378,16
보이스,자체,11,62.07868030096083,17
보이스,나이,15,61.411022614122786,18
보이스,역시,8,58.10718610073299,19
보이스,생일,7,54.818279136601774,20
보이스,느낌,12,53.620040213997406,21
보이스,금비,24,52.59345653085782,22
보이스,아저씨,7,51.81010284148318,23
보이스,배우,7,51.80014079046592,24
보이스,친구,9,47.40627353718368,25
보이스,프렛,6,45.32502475650577,26
보이스,이번,20,43.878449369448695,27
보이스,대박,13,42.319318705865506,28
보이스,대적,13,40.879550970060365,29
보이스,고정,5,40.83827485210733,30
외계+인 2부,기대,163,510.11591303715494,1
외계+인 2부,감독,200,478.00746947974505,2
외계+인 2부,중국,189,395.63506768686074,3
외계+인 2부,외계인,145,380.15741649812145,4
외계+인 2부,최동훈,133,372.79561382641,5
외계+인 2부,개봉,98,310.738541444741,6
외계+인 2부,한국,82,273.5652338592673,7
외계+인 2부,극장,83,247.45759751351451,8
외계+인 2부,사람,85,241.52604688934125,9
외계+인 2부,전우치,138,236.13193581636267,10
외계+인 2부,댓글,80,218.8856450693973,11
외계+인 2부,배우,87,204.295349945832,12
외계+인 2부,알바,75,195.9075772390188,13
외계+인 2부,느낌,83,190.20167199499653,14
외계+인 2부,생각,63,169.0205190023018,15
외계+인 2부,작품,47,164.45259531447775,16
외계+인 2부,부도,45,157.4825758729963,17
외계+인 2부,김태리,60,137.95697904781565,18
외계+인 2부,흥행,49,136.7962139921747,19
외계+인 2부,부가,41,129.61570523005662,20
외계+인 2부,류준열,47,122.24187003721516,21
외계+인 2부,이해,25,114.33671506506522,22
외계+인 2부,김우빈,46,111.96624445112636,23
외계+인 2부,제발,38,109.89003125583143,24
외계+인 2부,마블,43,108.44615536091032,25
외계+인 2부,재미,38,106.25316206545844,26
외계+인 2부,스토리,40,105.94634502349527,27
외계+인 2부,그냥,48,104.26675708854506,28
외계+인 2부,장르,26,89.76059246318808,29
외계+인 2부,하나,34,86.65965188100063,30
슬립,드라마,51,209.58888758459474,1
슬립,연기,53,205.96701376525064,2
슬립,상견,47,205.7773199435866,3
슬립,원작,55,193.31177871157246,4
슬립,안효섭,39,164.6160752306123,5
슬립,배우,39,160.31582736889075,6
슬립,기대,25,97.7543596298086,7
슬립,여주,34,96.54692667379346,8
슬립,사랑,30,91.23660986578915,9
슬립,생각,19,85.00459317862564,10
슬립,뉴진스,19,84.97357276357184,11
슬립,제발,19,80.1185985080441,12
슬립,리메이크,22,75.46920621908647,13
슬립,그냥,19,72.41476145398896,14
슬립,한국,21,65.28415229226147,15
슬립,노래,20,63.15118641887576,16
슬립,느낌,19,58.13063920880135,17
슬립,샤이닝,20,56.81099266794973,18
슬립,캐스팅,15,55.41940771155104,19
슬립,하니,12,55.33101495173069,20
슬립,하나,10,54.18840607796598,21
슬립,목소리,11,53.972088825859714,22
슬립,버전,14,52.24212977917366,23
슬립,몰입,13,48.918048547264576,24
슬립,대만,16,46.403841795554,25
슬립,처음,11,45.27086820703273,26
슬립,주인공,12,40.95519780195494,27
슬립,강훈,13,40.52336430561488,28
슬립,이해,11,39.13724963283179,29
슬립,대박,9,38.513150771357616,30
드림,기대,116,496.600737650742,1
드림,연기,59,310.5403511436144,2
드림,배우,68,262.5152780427609,3
드림,표절,37,144.44040679444728,4
드림,개봉,35,143.7724622075486,5
드림,바이럴,36,138.5791615541905,6
드림,댓글,37,132.43770724873013,7
드림,사람,38,131.15543119737748,8
드림,체질,32,121.09565886271221,9
드림,멜로,31,118.23572577072177,10
드림,화이팅,30,114.3422614226809,11
드림,계정,31,111.57206953672332,12
드림,직업,31,102.67869556770522,13
드림,드라마,39,101.96756751093395,14
드림,댓글알바,25,96.81085143023743,15
드림,예고,25,96.0061842678399,16
드림,축구,29,95.67479488565279,17
드림,홍대,22,94.39701840905121,18
드림,대사,26,91.9078438294292,19
드림,여론,24,91.21996642927623,20
드림,작품,22,88.83617064744904,21
드림,티키타카,18,86.60859494591476,22
드림,이번,17,83.93879335749698,23
드림,기부,21,81.19175833265919,24
드림,얼른,15,76.7122078427742,25
드림,파이팅,20,73.0648392921443,26
드림,이기자,25,72.77557225137181,27
드림,그냥,26,72.75188095049748,28
드림,한국영,20,72.56570465266695,29
드림,재미,17,67.31660449357477,30
마녀,김고은,173,862.7791384524631,1
마녀,전도연,93,337.57121439082897,2
마녀,연기,67,309.25504202337135,3
마녀,배우,51,207.02691397424107,4
마녀,기대,36,162.91955510031823,5
마녀,작품,24,149.64799661622487,6
마녀,사랑,11,74.00509287246564,7
마녀,넷플,21,71.35580072876579,8
마녀,소희,13,69.37824203953548,9
마녀,캐스팅,11,68.00523559660787,10
마녀,다미,18,53.16867591412368,11
마녀,느낌,8,51.65111136894825,12
마녀,장르,7,50.0670008799362,13
마녀,얼굴,8,47.1752522301433,14
마녀,연기력,11,45.00146698694148,15
마녀,상연,6,43.866777992476884,16
마녀,주연,9,43.56581708327327,17
마녀,이제,7,42.04103410740519,18
마녀,유미,6,41.918712031706626,19
마녀,세포,6,41.918712031706626,20
마녀,여배우,8,40.96854105890284,21
마녀,조합,8,35.04115177971458,22
마녀,하나,5,34.737563297894,23
마녀,이건,8,34.54976927870334,24
마녀,머리,8,32.49777611858259,25
마녀,원래,5,31.421092210842673,26
마녀,싸움,5,31.375243698043413,27
마녀,대도시,4,30.865168257083596,28
마녀,파묘,4,30.85425419847078,29
마녀,소름,7,30.673762138139875,30
곤지암,편집,9,18.547847646167362,1
곤지암,엄마,3,13.75055681536833,2
곤지암,화면,3,13.30196161345544,3
곤지암,석봉,5,13.047189562170502,4
곤지암,이번,4,12.440852801386358,5
곤지암,생각,4,12.059612082169059,6
곤지암,최고,5,10.493061443340551,7
곤지암,영상,3,10.283244707844155,8
곤지암,정신병원,6,9.064953742595943,9
곤지암,선생님,4,9.011051873981472,10
곤지암,다시,2,8.899975091663174,11
곤지암,하나,2,8.628372009345052,12
곤지암,저기,3,8.537480071494992,13
곤지암,진심,4,8.39444915467244,14
곤지암,금손,3,8.375278407684165,15
곤지암,소름,2,7.60672076181307,16
곤지암,어우,2,7.2053793708887675,17
곤지암,대박,5,6.682361183106065,18
곤지암,느낌,2,6.605170185988092,19
곤지암,역시,3,6.29583686600433,20
곤지암,별로,4,5.6218604324326575,21
곤지암,카메라,1,5.007333185232471,22
곤지암,얼굴,1,5.007333185232471,23
곤지암,바스,2,4.772588722239782,24
곤지암,혼자,3,4.5324768712979715,25
곤지암,쌩얼,1,4.465735902799727,26
곤지암,사실,1,4.465735902799727,27
곤지암,비취,1,4.465735902799727,28
곤지암,살짝,2,4.19722457733622,29
곤지암,댓글,2,4.19722457733622,30
박열,계엄,59,203.91883224762984,1
박열,윤석열,57,189.92249246363212,2
박열,탄핵,33,106.60122614198366,3
박열,대통령,28,94.68279226935663,4
박열,민주당,24,90.16416876651941,5
박열,내란,26,90.01759620323418,6
박열,국민,26,85.66643921940351,7
박열,댓글,24,84.77695648864618,8
박열,지금,22,84.15351140348062,9
박열,국가,21,74.08026348354117,10
박열,나라,20,71.83032769692517,11
박열,생각,19,70.51950380141483,12
박열,사람,22,68.24211674570168,13
박열,대한민국,17,66.0248440749501,14
박열,선동,16,59.981955129959445,15
박열,이재명,18,58.311485226484365,16
박열,장관,14,51.778730501204834,17
박열,서울,21,51.08910191185045,18
박열,이준석,26,50.22051330412853,19
박열,중국,13,49.10600362854257,20
박열,민주주의,14,48.954375504090045,21
박열,자유,16,48.63353013012218,22
박열,독재,13,45.22018487295023,23
박열,선포,13,44.26323124748803,24
박열,다시,12,41.04441754380515,25
박열,위해,11,40.38109822364047,26
박열,간첩,10,40.252910757955355,27
박열,그냥,12,40.02449898980444,28
박열,계몽,11,39.29109829455393,29
박열,세력,10,38.735646395797836,30
나쁜 녀석들: 더 무비,조동혁,110,405.5951760617487,1
나쁜 녀석들: 더 무비,드라마,67,216.29258071433028,2
나쁜 녀석들: 더 무비,박해진,54,215.46870633924493,3
나쁜 녀석들: 더 무비,정태수,62,202.93362973635124,4
나쁜 녀석들: 더 무비,마동석,69,180.84661381475658,5
나쁜 녀석들: 더 무비,멤버,40,154.08602180303868,6
나쁜 녀석들: 더 무비,느낌,34,131.31482995160192,7
나쁜 녀석들: 더 무비,이정문,29,114.49380297453996,8
나쁜 녀석들: 더 무비,추석,27,111.52759296924076,9
나쁜 녀석들: 더 무비,김아중,39,110.18966712105455,10
나쁜 녀석들: 더 무비,시즌,27,92.10438176610276,11
나쁜 녀석들: 더 무비,배우,24,89.1261691554678,12
나쁜 녀석들: 더 무비,원년,17,71.1514577974803,13
나쁜 녀석들: 더 무비,어디,27,70.85188961524248,14
나쁜 녀석들: 더 무비,원작,18,65.85667788598299,15
나쁜 녀석들: 더 무비,영화로,16,65.50206935509624,16
나쁜 녀석들: 더 무비,김상중,27,64.92537449427836,17
나쁜 녀석들: 더 무비,그냥,17,64.19639366918864,18
나쁜 녀석들: 더 무비,이건,12,57.341899353643484,19
나쁜 녀석들: 더 무비,분위기,13,52.386906287823926,20
나쁜 녀석들: 더 무비,느와르,10,47.37669618283368,21
나쁜 녀석들: 더 무비,사람,14,45.62295458469914,22
나쁜 녀석들: 더 무비,하나,10,45.58201130471821,23
나쁜 녀석들: 더 무비,박웅,17,44.95009899717384,24
나쁜 녀석들: 더 무비,도시,15,43.45679977328822,25
나쁜 녀석들: 더 무비,캐스팅,15,43.3060447354857,26
나쁜 녀석들: 더 무비,오락,12,40.95519780195494,27
나쁜 녀석들: 더 무비,액션,12,38.909774027092084,28
나쁜 녀석들: 더 무비,범죄,10,37.212954278522304,29
나쁜 녀석들: 더 무비,태수,13,36.12512883709791,30
