rnum,rank,rankInten,rankOldAndNew,movieCd,movieNm,openDt,salesAmt,salesShare,salesInten,salesChange,salesAcc,audiCnt,audiInten,audiChange,audiAcc,scrnCnt,showCnt,targetDt,aud_per_show
1,1,38,OLD,20148846,사도,2015-09-16,1876614700,56.9,1875522700,171751.2,1989663700,250237,250081,160308.3,264692,1123,6108,20150916,40.97
1,1,0,OLD,20148846,사도,2015-09-16,1674687200,53.9,-201927500,-10.8,3664350900,223381,-26856,-10.7,488073,1190,6447,20150917,34.65
1,1,0,OLD,20148846,사도,2015-09-16,2262167824,51.0,587480624,35.1,5926518724,281969,58588,26.2,770042,1203,6661,20150918,42.33
1,1,0,OLD,20148846,사도,2015-09-16,4415344655,50.2,2153176831,95.2,10341863379,543047,261078,92.6,1313089,1210,6948,20150919,78.16
1,1,0,OLD,20148846,사도,2015-09-16,4024137100,50.8,-391207555,-8.9,14366000479,497421,-45626,-8.4,1810510,1205,6718,20150920,74.04
1,1,0,OLD,20148846,사도,2015-09-16,1127837200,51.7,-2896299900,-72.0,15493837679,150543,-346878,-69.7,1961053,1146,6235,20150921,24.14
1,1,0,OLD,20148846,사도,2015-09-16,1076471300,51.5,-51365900,-4.6,16570308979,144379,-6164,-4.1,2105432,1153,6215,20150922,23.23
1,1,0,OLD,20148846,사도,2015-09-16,1047686100,48.4,-28785200,-2.7,17617995079,140417,-3962,-2.7,2245849,1137,6135,20150923,22.89
1,1,0,OLD,20148846,사도,2015-09-16,884132400,29.6,-163553700,-15.6,18502127479,118066,-22351,-15.9,2363915,809,3937,20150924,29.99
1,1,0,OLD,20148846,사도,2015-09-16,1895461591,33.9,1011329191,114.4,20397589070,236352,118286,100.2,2600267,832,4184,20150925,56.49
1,1,0,OLD,20148846,사도,2015-09-16,3409102296,36.6,1513640705,79.9,23806691366,418464,182112,77.1,3018731,882,4628,20150926,90.42
1,1,0,OLD,20148846,사도,2015-09-16,4741948400,38.6,1332846104,39.1,28548639766,571788,153324,36.6,3590519,927,4716,20150927,121.24
1,1,0,OLD,20148846,사도,2015-09-16,5379094500,36.5,637146100,13.4,33927734266,671413,99625,17.4,4261932,934,4760,20150928,141.05
1,1,0,OLD,20148846,사도,2015-09-16,4162831800,33.6,-1216262700,-22.6,38090566066,527850,-143563,-21.4,4789782,914,4566,20150929,115.6
1,1,0,OLD,20148846,사도,2015-09-16,1139431100,29.0,-3023400700,-72.6,39229997166,175627,-352223,-66.7,4965409,778,3789,20150930,46.35
1,1,0,OLD,20148846,사도,2015-09-16,675674000,26.6,-463757100,-40.7,39905671166,113073,-62554,-35.6,5078482,778,3729,20151001,30.32
1,1,0,OLD,20148846,사도,2015-09-16,867308221,25.1,191634221,28.4,40772979387,111232,-1841,-1.6,5189714,767,3768,20151002,29.52
2,2,-1,OLD,20148846,사도,2015-09-16,1716961414,24.0,849653193,98.0,42489940801,214853,103621,93.2,5404567,752,3815,20151003,56.32
3,3,-1,OLD,20148846,사도,2015-09-16,1326648300,22.5,-390313114,-22.7,43816589101,166432,-48421,-22.5,5570999,750,3634,20151004,45.8
2,2,1,OLD,20148846,사도,2015-09-16,382457300,21.6,-944191000,-71.2,44199046401,51977,-114455,-68.8,5622976,703,3398,20151005,15.3
3,3,-1,OLD,20148846,사도,2015-09-16,373174500,20.6,-9282800,-2.4,44572220901,51347,-630,-1.2,5674323,732,3356,20151006,15.3
3,3,0,OLD,20148846,사도,2015-09-16,371030200,19.3,-2144300,-0.6,44943251101,51419,72,0.1,5725742,721,3294,20151007,15.61
4,4,-1,OLD,20148846,사도,2015-09-16,324542400,7.5,-46487800,-12.5,45267793501,45381,-6038,-11.7,5771123,416,1322,20151008,34.33
4,4,0,OLD,20148846,사도,2015-09-16,685383900,7.4,360841500,111.2,45953177401,89114,43733,96.4,5860237,429,1312,20151009,67.92
4,4,0,OLD,20148846,사도,2015-09-16,649553200,7.1,-35830700,-5.2,46602730601,82707,-6407,-7.2,5942944,471,1335,20151010,61.95
4,4,0,OLD,20148846,사도,2015-09-16,549382300,7.0,-100170900,-15.4,47152112901,70089,-12618,-15.3,6013033,464,1303,20151011,53.79
4,4,0,OLD,20148846,사도,2015-09-16,150986800,6.9,-398395500,-72.5,47303099701,21088,-49001,-69.9,6034121,413,1309,20151012,16.11
4,4,0,OLD,20148846,사도,2015-09-16,147798700,7.1,-3188100,-2.1,47450898401,21038,-50,-0.2,6055159,416,1297,20151013,16.22
4,4,0,OLD,20148846,사도,2015-09-16,123446500,6.3,-24352200,-16.5,47574344901,21457,419,2.0,6076616,424,1298,20151014,16.53
5,5,-1,OLD,20148846,사도,2015-09-16,106527100,5.0,-16919400,-13.7,47680872001,15047,-6410,-29.9,6091663,354,873,20151015,17.24
6,6,-1,OLD,20148846,사도,2015-09-16,135826800,4.1,29299700,27.5,47816698801,18033,2986,19.8,6109696,356,888,20151016,20.31
6,6,0,OLD,20148846,사도,2015-09-16,270677600,4.4,134850800,99.3,48087376401,34209,16176,89.7,6143905,371,954,20151017,35.86
5,5,1,OLD,20148846,사도,2015-09-16,245508600,4.5,-25169000,-9.3,48332885001,31572,-2637,-7.7,6175477,362,922,20151018,34.24
6,6,-1,OLD,20148846,사도,2015-09-16,76655100,4.8,-168853500,-68.8,48409540101,10650,-20922,-66.3,6186127,352,888,20151019,11.99
4,4,2,OLD,20148846,사도,2015-09-16,76513700,4.9,-141400,-0.2,48486053801,11099,449,4.2,6197226,360,863,20151020,12.86
4,4,0,OLD,20148846,사도,2015-09-16,76315000,4.7,-198700,-0.3,48562368801,10905,-194,-1.7,6208131,357,859,20151021,12.69
7,7,-3,OLD,20148846,사도,2015-09-16,24106800,1.0,-52208200,-68.4,48586475601,3557,-7348,-67.4,6211688,102,173,20151022,20.56
7,7,0,OLD,20148846,사도,2015-09-16,31453600,0.9,7346800,30.5,48617929201,4322,765,21.5,6216010,106,179,20151023,24.15
7,7,0,OLD,20148846,사도,2015-09-16,52978300,0.8,21524700,68.4,48670907501,6651,2329,53.9,6222661,113,188,20151024,35.38
7,7,0,OLD,20148846,사도,2015-09-16,49782600,0.9,-3195700,-6.0,48720690101,6389,-262,-3.9,6229050,115,192,20151025,33.28
7,7,0,OLD,20148846,사도,2015-09-16,18507300,1.1,-31275300,-62.8,48739197401,2597,-3792,-59.4,6231647,103,195,20151026,13.32
7,7,0,OLD,20148846,사도,2015-09-16,20820200,1.2,2312900,12.5,48760017601,2984,387,14.9,6234631,109,195,20151027,15.3
1,1,4,OLD,20129370,명량,2014-07-30,4708879000,61.6,4649246000,7796.4,4881110000,682701,674628,8356.6,705201,1159,6147,20140730,111.06
1,1,0,OLD,20129370,명량,2014-07-30,5243409900,59.5,534530900,11.4,10124519900,705070,22369,3.3,1410271,1202,6258,20140731,112.67
1,1,0,OLD,20129370,명량,2014-07-30,6918410307,64.0,1675000407,31.9,17042930207,867437,162367,23.0,2277708,1300,6699,20140801,129.49
1,1,0,OLD,20129370,명량,2014-07-30,9826541209,65.1,2908130902,42.0,26869471416,1232529,365092,42.1,3510237,1494,7605,20140802,162.07
1,1,0,OLD,20129370,명량,2014-07-30,10031212500,67.5,204671291,2.1,36900683916,1257380,24851,2.0,4767617,1587,7963,20140803,157.9
1,1,0,OLD,20129370,명량,2014-07-30,7455501400,73.1,-2575711100,-25.7,44356185316,990022,-267358,-21.3,5757639,1443,7551,20140804,131.11
1,1,0,OLD,20129370,명량,2014-07-30,6511760400,73.1,-943741000,-12.7,50867945716,869153,-120869,-12.2,6626792,1507,7779,20140805,111.73
1,1,0,OLD,20129370,명량,2014-07-30,5273445400,60.9,-1238315000,-19.0,56141391116,702887,-166266,-19.1,7329679,1221,6788,20140806,103.55
1,1,0,OLD,20129370,명량,2014-07-30,4892511700,59.5,-380933700,-7.2,61033902816,652776,-50111,-7.1,7982455,1239,6776,20140807,96.34
1,1,0,OLD,20129370,명량,2014-07-30,5493530692,59.1,601018992,12.3,66527433508,690123,37347,5.7,8672578,1278,7026,20140808,98.22
1,1,0,OLD,20129370,명량,2014-07-30,8758739983,59.0,3265209291,59.4,75286173491,1101089,410966,59.5,9773667,1343,7453,20140809,147.74
1,1,0,OLD,20129370,명량,2014-07-30,8225301600,58.4,-533438383,-6.1,83511475091,1032388,-68701,-6.2,10806055,1315,7267,20140810,142.07
1,1,0,OLD,20129370,명량,2014-07-30,3924891200,57.6,-4300410400,-52.3,87436366291,526106,-506282,-49.0,11332161,1204,6607,20140811,79.63
1,1,0,OLD,20129370,명량,2014-07-30,3287901500,52.7,-636989700,-16.2,90724267791,443817,-82289,-15.6,11775978,1224,6545,20140812,67.81
1,1,0,OLD,20129370,명량,2014-07-30,2739598400,41.6,-548303100,-16.7,93463866191,368597,-75220,-16.9,12144575,935,5098,20140813,72.3
1,1,0,OLD,20129370,명량,2014-07-30,3209749900,42.4,470151500,17.2,96673616091,430129,61532,16.7,12574704,949,5200,20140814,82.72
1,1,0,OLD,20129370,명량,2014-07-30,5906928307,42.5,2697178407,84.0,102580544398,744256,314127,73.0,13318960,1013,5520,20140815,134.83
1,1,0,OLD,20129370,명량,2014-07-30,5479483612,42.7,-427444695,-7.2,108060028010,682703,-61553,-8.3,14001663,1004,5507,20140816,123.97
1,1,0,OLD,20129370,명량,2014-07-30,5061573600,43.0,-417910012,-7.6,113121601610,635573,-47130,-6.9,14637236,1002,5295,20140817,120.03
1,1,0,OLD,20129370,명량,2014-07-30,1970129700,40.1,-3091443900,-61.1,115091731310,264378,-371195,-58.4,14901614,906,4753,20140818,55.62
1,1,0,OLD,20129370,명량,2014-07-30,1706119200,37.4,-264010500,-13.4,116797850510,231697,-32681,-12.4,15133311,931,4694,20140819,49.36
1,1,0,OLD,20129370,명량,2014-07-30,1283393400,32.1,-422725800,-24.8,118081243910,173159,-58538,-25.3,15306470,732,3597,20140820,48.14
1,1,0,OLD,20129370,명량,2014-07-30,1218788300,31.4,-64605100,-5.0,119300032210,165149,-8010,-4.6,15471619,716,3463,20140821,47.69
2,2,-1,OLD,20129370,명량,2014-07-30,1314220500,29.4,95432200,7.8,120614252710,166182,1033,0.6,15637801,723,3598,20140822,46.19
2,2,0,OLD,20129370,명량,2014-07-30,2652884500,30.4,1338664000,101.9,123267137210,332537,166355,100.1,15970338,772,3839,20140823,86.62
2,2,0,OLD,20129370,명량,2014-07-30,2434184900,29.7,-218699600,-8.2,125701322110,305504,-27033,-8.1,16275842,757,3669,20140824,83.27
2,2,0,OLD,20129370,명량,2014-07-30,781387500,27.1,-1652797400,-67.9,126482709610,105306,-200198,-65.5,16381148,694,3309,20140825,31.82
2,2,0,OLD,20129370,명량,2014-07-30,654846000,23.6,-126541500,-16.2,127137555610,89715,-15591,-14.8,16470863,702,3274,20140826,27.4
2,2,0,OLD,20129370,명량,2014-07-30,556729000,19.9,-98117000,-15.0,127694284610,85270,-4445,-5.0,16556133,658,3011,20140827,28.32
3,3,-1,OLD,20129370,명량,2014-07-30,434041700,14.0,-122687300,-22.0,128128326310,59758,-25512,-29.9,16615891,482,2148,20140828,27.82
3,3,0,OLD,20129370,명량,2014-07-30,511350600,13.2,77308900,17.8,128639676910,66327,6569,11.0,16682218,482,2183,20140829,30.38
3,3,0,OLD,20129370,명량,2014-07-30,1092613100,13.6,581262500,113.7,129732290010,137811,71484,107.8,16820029,488,2181,20140830,63.19
3,3,0,OLD,20129370,명량,2014-07-30,1019603400,14.2,-73009700,-6.7,130751893410,129731,-8080,-5.9,16949760,495,2130,20140831,60.91
4,4,-1,OLD,20129370,명량,2014-07-30,273418400,13.3,-746185000,-73.2,131025311810,36965,-92766,-71.5,16986725,446,2019,20140901,18.31
4,4,0,OLD,20129370,명량,2014-07-30,234135700,12.2,-39282700,-14.4,131259447510,31924,-5041,-13.6,17018649,440,1970,20140902,16.21
8,8,-4,OLD,20129370,명량,2014-07-30,116426900,2.5,-117708800,-50.3,131375874410,16146,-15778,-49.4,17034795,253,591,20140903,27.32
8,8,0,OLD,20129370,명량,2014-07-30,95108700,2.6,-21318200,-18.3,131470983110,13135,-3011,-18.6,17047930,231,509,20140904,25.81
8,8,0,OLD,20129370,명량,2014-07-30,136853900,2.5,41745200,43.9,131607837010,17635,4500,34.3,17065565,233,505,20140905,34.92
8,8,0,OLD,20129370,명량,2014-07-30,335541800,3.3,198687900,145.2,131943378810,44249,26614,150.9,17109814,290,590,20140906,75.0
7,7,1,OLD,20129370,명량,2014-07-30,417974800,4.5,82433000,24.6,132361353610,54182,9933,22.4,17163996,333,656,20140907,82.59
7,7,0,OLD,20129370,명량,2014-07-30,636966300,5.4,218991500,52.4,132998319910,81812,27630,51.0,17245808,394,795,20140908,102.91
7,7,0,OLD,20129370,명량,2014-07-30,780384300,5.5,143418000,22.5,133778704210,103651,21839,26.7,17349459,459,931,20140909,111.33
7,7,0,OLD,20129370,명량,2014-07-30,605102700,5.5,-175281600,-22.5,134383806910,83192,-20459,-19.7,17432651,448,930,20140910,89.45
8,8,-1,OLD,20129370,명량,2014-07-30,111185700,3.8,-493917000,-81.6,134494992610,15515,-67677,-81.4,17448166,216,495,20140911,31.34
9,9,-1,OLD,20129370,명량,2014-07-30,102426900,2.9,-8758800,-7.9,134597419510,13334,-2181,-14.1,17461500,240,528,20140912,25.25
8,8,1,OLD,20129370,명량,2014-07-30,228217700,3.2,125790800,122.8,134825637210,28869,15535,116.5,17490369,277,632,20140913,45.68
8,8,0,OLD,20129370,명량,2014-07-30,228501000,3.7,283300,0.1,135054138210,29038,169,0.6,17519407,279,607,20140914,47.84
8,8,0,OLD,20129370,명량,2014-07-30,56847100,3.2,-171653900,-75.1,135110985310,7888,-21150,-72.8,17527295,246,563,20140915,14.01
7,7,1,OLD,20129370,명량,2014-07-30,75447800,4.3,18600700,32.7,135186433110,10203,2315,29.3,17537498,259,578,20140916,17.65
8,8,-1,OLD,20129370,명량,2014-07-30,57908100,3.4,-17539700,-23.2,135244341210,8347,-1856,-18.2,17545845,256,570,20140917,14.64
10,10,-2,OLD,20129370,명량,2014-07-30,32181700,1.5,-25726400,-44.4,135276522910,4548,-3799,-45.5,17550393,170,332,20140918,13.7
10,10,1,OLD,20129370,명량,2014-07-30,70751500,1.3,35313000,99.6,135382712910,8851,4177,89.4,17563918,172,333,20140920,26.58
10,10,0,OLD,20129370,명량,2014-07-30,75052600,1.5,4301100,6.1,135457765510,9503,652,7.4,17573421,170,328,20140921,28.97
10,10,0,OLD,20129370,명량,2014-07-30,23118900,1.5,-51933700,-69.2,135480884410,3175,-6328,-66.6,17576596,159,312,20140922,10.18
10,10,0,OLD,20129370,명량,2014-07-30,21410300,1.4,-1708600,-7.4,135502294710,3020,-155,-4.9,17579616,159,306,20140923,9.87
10,10,0,OLD,20129370,명량,2014-07-30,26831000,1.4,5420700,25.3,135529125710,3992,972,32.2,17583608,164,318,20140924,12.55
1,1,10,OLD,20242837,왕과 사는 남자,2026-02-04,1076238210,50.8,1052527210,4439.0,1365519680,117783,115173,4412.8,147538,1658,6932,20260204,16.99
1,1,0,OLD,20242837,왕과 사는 남자,2026-02-04,831148510,45.5,-245089700,-22.8,2196668190,91731,-26052,-22.1,239269,1612,6723,20260205,13.64
1,1,0,OLD,20242837,왕과 사는 남자,2026-02-04,1203723060,53.2,372574550,44.8,3400391250,126625,34894,38.0,365894,1653,7152,20260206,17.7
1,1,0,OLD,20242837,왕과 사는 남자,2026-02-04,3145705860,60.3,1941982800,161.3,6546097110,327112,200487,158.3,693006,1717,7714,20260207,42.4
1,1,0,OLD,20242837,왕과 사는 남자,2026-02-04,2941919760,58.1,-203786100,-6.5,9488016870,308083,-19029,-5.8,1001089,1724,7292,20260208,42.25
1,1,0,OLD,20242837,왕과 사는 남자,2026-02-04,908223980,57.7,-2033695780,-69.1,10396240850,98379,-209704,-68.1,1099468,1530,6494,20260209,15.15
1,1,0,OLD,20242837,왕과 사는 남자,2026-02-04,878997090,55.8,-29226890,-3.2,11275237940,95582,-2797,-2.8,1195050,1536,6557,20260210,14.58
2,2,-1,OLD,20242837,왕과 사는 남자,2026-02-04,811327260,30.9,-67669830,-7.7,12086565200,86924,-8658,-9.1,1281974,1150,4203,20260211,20.68
1,1,1,OLD,20242837,왕과 사는 남자,2026-02-04,775585340,35.9,-35741920,-4.4,12862150540,83916,-3008,-3.5,1365890,1206,4331,20260212,19.38
1,1,0,OLD,20242837,왕과 사는 남자,2026-02-04,1295622220,44.2,520036880,67.1,14157772760,133573,49657,59.2,1499463,1420,5369,20260213,24.88
1,1,0,OLD,20242837,왕과 사는 남자,2026-02-04,3489757500,53.3,2194135280,169.3,17647530260,357886,224313,167.9,1857349,1729,6851,20260214,52.24
1,1,0,OLD,20242837,왕과 사는 남자,2026-02-04,4549655530,59.2,1059898030,30.4,22197185790,465257,107371,30.0,2322606,1836,7248,20260215,64.19
1,1,0,OLD,20242837,왕과 사는 남자,2026-02-04,5301151370,64.6,751495840,16.5,27498337160,537175,71918,15.5,2859781,1899,7804,20260216,68.83
1,1,0,OLD,20242837,왕과 사는 남자,2026-02-04,6574680470,67.2,1273529100,24.0,34073017630,661441,124266,23.1,3521222,2010,8341,20260217,79.3
1,1,0,OLD,20242837,왕과 사는 남자,2026-02-04,6353627930,65.0,-221052540,-3.4,40426645560,653635,-7806,-1.2,4174857,2017,8045,20260218,81.25
1,1,0,OLD,20242837,왕과 사는 남자,2026-02-04,2231556760,65.8,-4122071170,-64.9,42658202320,239783,-413852,-63.3,4414640,1607,6521,20260219,36.77
1,1,0,OLD,20242837,왕과 사는 남자,2026-02-04,2586379530,69.9,354822770,15.9,45244581850,264715,24932,10.4,4679355,1771,7277,20260220,36.38
1,1,0,OLD,20242837,왕과 사는 남자,2026-02-04,5691833080,74.3,3105453550,120.1,50936414930,581160,316445,119.5,5260515,2106,9006,20260221,64.53
1,1,0,OLD,20242837,왕과 사는 남자,2026-02-04,5554161750,75.1,-137671330,-2.4,56490576680,568289,-12871,-2.2,5828804,2142,8689,20260222,65.4
1,1,0,OLD,20242837,왕과 사는 남자,2026-02-04,1842041690,73.0,-3712120060,-66.8,58332618370,195474,-372815,-65.6,6024278,1756,7273,20260223,26.88
1,1,0,OLD,20242837,왕과 사는 남자,2026-02-04,1827099870,74.4,-14941820,-0.8,60159718240,194638,-836,-0.4,6218916,1778,7331,20260224,26.55
1,1,0,OLD,20242837,왕과 사는 남자,2026-02-04,2417920910,73.2,590821040,32.3,62577639150,309574,114936,59.1,6528490,1937,7497,20260225,41.29
1,1,0,OLD,20242837,왕과 사는 남자,2026-02-04,1934801520,73.2,-483119390,-20.0,64512440670,204929,-104645,-33.8,6733419,1803,7335,20260226,27.94
1,1,0,OLD,20242837,왕과 사는 남자,2026-02-04,2758081920,76.9,823280400,42.6,67270522590,278059,73130,35.7,7011478,1932,8039,20260227,34.59
1,1,0,OLD,20242837,왕과 사는 남자,2026-02-04,6472569500,82.6,3714487580,134.7,73743092090,655719,377660,135.8,7667197,2165,9758,20260228,67.2
1,1,0,OLD,20242837,왕과 사는 남자,2026-02-04,8012533100,83.5,1539963600,23.8,81755625190,817185,161466,24.6,8484382,2170,9709,20260301,84.17
1,1,0,OLD,20242837,왕과 사는 남자,2026-02-04,7031374220,83.4,-981158880,-12.2,88786999410,728928,-88257,-10.8,9213310,2150,9322,20260302,78.19
1,1,0,OLD,20242837,왕과 사는 남자,2026-02-04,1820225790,83.4,-5211148430,-74.1,90607225200,194476,-534452,-73.3,9407786,1800,7489,20260303,25.97
1,1,0,OLD,20242837,왕과 사는 남자,2026-02-04,1768419810,74.0,-51805980,-2.8,92375645010,189639,-4837,-2.5,9597425,1633,6464,20260304,29.34
1,1,0,OLD,20242837,왕과 사는 남자,2026-02-04,1676059780,77.2,-92360030,-5.2,94051704790,180530,-9109,-4.8,9777955,1697,6654,20260305,27.13
1,1,0,OLD,20242837,왕과 사는 남자,2026-02-04,2659757720,80.4,983697940,58.7,96711462510,271745,91215,50.5,10049700,1881,7684,20260306,35.37
1,1,0,OLD,20242837,왕과 사는 남자,2026-02-04,7435215890,80.4,4775458170,179.5,104146678400,754523,482778,177.7,10804223,2171,9535,20260307,79.13
1,1,0,OLD,20242837,왕과 사는 남자,2026-02-04,6865622080,80.2,-569593810,-7.7,111012300480,699461,-55062,-7.3,11503684,2187,9211,20260308,75.94
1,1,0,OLD,20242837,왕과 사는 남자,2026-02-04,1903685490,83.9,-4961936590,-72.3,112915985970,203140,-496321,-71.0,11706824,1816,7356,20260309,27.62
1,1,0,OLD,20242837,왕과 사는 남자,2026-02-04,1649376360,80.7,-254309130,-13.4,114565362330,177180,-25960,-12.8,11884004,1860,7464,20260310,23.74
1,1,0,OLD,20242837,왕과 사는 남자,2026-02-04,1589244240,73.8,-60132120,-3.6,116154606570,171424,-5756,-3.2,12055428,1934,7926,20260311,21.63
1,1,0,OLD,20242837,왕과 사는 남자,2026-02-04,1475756440,76.4,-113487800,-7.1,117630363010,158648,-12776,-7.5,12214076,1955,7839,20260312,20.24
1,1,0,OLD,20242837,왕과 사는 남자,2026-02-04,2180385660,75.6,704629220,47.7,119810748670,221373,62725,39.5,12435449,2036,8880,20260313,24.93
1,1,0,OLD,20242837,왕과 사는 남자,2026-02-04,5491568500,77.2,3311182840,151.9,125302317170,554183,332810,150.3,12989632,2262,10416,20260314,53.2
1,1,0,OLD,20242837,왕과 사는 남자,2026-02-04,4706615640,75.7,-784952860,-14.3,130008932810,478141,-76042,-13.7,13467773,2223,9908,20260315,48.26
1,1,0,OLD,20242837,왕과 사는 남자,2026-02-04,1264452430,79.8,-3442163210,-73.1,131273385240,133939,-344202,-72.0,13601712,1946,8102,20260316,16.53
1,1,0,OLD,20242837,왕과 사는 남자,2026-02-04,1132758240,77.9,-131694190,-10.4,132406143480,120447,-13492,-10.1,13722159,1969,8121,20260317,14.83
1,1,7,OLD,20183782,기생충,2019-05-30,4579290500,75.7,4519237500,7525.4,4677727500,568092,562494,10048.1,577954,1783,8262,20190530,68.76
1,1,0,OLD,20183782,기생충,2019-05-30,5893815975,72.7,1314525475,28.7,10571543475,667826,99734,17.6,1245780,1826,8806,20190531,75.84
1,1,0,OLD,20183782,기생충,2019-05-30,9909224473,68.8,4015408498,68.1,20480767948,1126677,458851,68.7,2372457,1927,9907,20190601,113.73
1,1,0,OLD,20183782,기생충,2019-05-30,8706733270,67.7,-1202491203,-12.1,29187501218,994607,-132070,-11.7,3367064,1948,9820,20190602,101.28
1,1,0,OLD,20183782,기생충,2019-05-30,3071603430,72.6,-5635129840,-64.7,32259104648,382497,-612110,-61.5,3749561,1804,9196,20190603,41.59
1,1,0,OLD,20183782,기생충,2019-05-30,2782574190,70.0,-289029240,-9.4,35041678838,348723,-33774,-8.8,4098284,1814,9193,20190604,37.93
1,1,0,OLD,20183782,기생충,2019-05-30,3435665860,59.6,653091670,23.5,38477344698,425745,77022,22.1,4524029,1700,8068,20190605,52.77
1,1,0,OLD,20183782,기생충,2019-05-30,7210821290,53.5,3775155430,109.9,45688165988,831644,405899,95.3,5355673,1574,7975,20190606,104.28
1,1,0,OLD,20183782,기생충,2019-05-30,4519273774,53.1,-2691547516,-37.3,50207439762,519720,-311924,-37.5,5875393,1561,7877,20190607,65.98
1,1,0,OLD,20183782,기생충,2019-05-30,5635004423,50.5,1115730649,24.7,55842444185,637591,117871,22.7,6512984,1579,7958,20190608,80.12
1,1,0,OLD,20183782,기생충,2019-05-30,4500961560,47.2,-1134042863,-20.1,60343405745,509134,-128457,-20.1,7022118,1577,7736,20190609,65.81
1,1,0,OLD,20183782,기생충,2019-05-30,1560319780,52.4,-2940641780,-65.3,61903725525,194662,-314472,-61.8,7216780,1460,7287,20190610,26.71
1,1,0,OLD,20183782,기생충,2019-05-30,1260270800,47.9,-300048980,-19.2,63163996325,157774,-36888,-18.9,7374554,1460,7251,20190611,21.76
1,1,0,OLD,20183782,기생충,2019-05-30,1172366590,36.1,-87904210,-7.0,64336362915,146216,-11558,-7.3,7520770,1217,5604,20190612,26.09
1,1,0,OLD,20183782,기생충,2019-05-30,1093021770,36.6,-79344820,-6.8,65429384685,136195,-10021,-6.9,7656965,1170,5211,20190613,26.14
1,1,0,OLD,20183782,기생충,2019-05-30,1485706220,34.7,392684450,35.9,66915090905,168192,31997,23.5,7825157,1194,5396,20190614,31.17
2,2,-1,OLD,20183782,기생충,2019-05-30,2490643460,28.6,1004937240,67.6,69405734365,279036,110844,65.9,8104193,1206,5408,20190615,51.6
2,2,0,OLD,20183782,기생충,2019-05-30,2175614880,27.6,-315028580,-12.6,71581349245,241608,-37428,-13.4,8345801,1194,5297,20190616,45.61
2,2,0,OLD,20183782,기생충,2019-05-30,848174300,33.1,-1327440580,-61.0,72429523545,105206,-136402,-56.5,8451007,1135,5240,20190617,20.08
2,2,0,OLD,20183782,기생충,2019-05-30,804249670,31.6,-43924630,-5.2,73233773215,100700,-4506,-4.3,8551707,1157,5214,20190618,19.31
3,3,-1,OLD,20183782,기생충,2019-05-30,742575980,22.8,-61673690,-7.7,73976349195,92169,-8531,-8.5,8643876,969,4159,20190619,22.16
4,4,-1,OLD,20183782,기생충,2019-05-30,641665230,15.8,-100910750,-13.6,74618014425,79310,-12859,-14.0,8723186,747,2780,20190620,28.53
4,4,0,OLD,20183782,기생충,2019-05-30,838396830,16.0,196731600,30.7,75456411255,94020,14710,18.5,8817206,783,2872,20190621,32.74
4,4,0,OLD,20183782,기생충,2019-05-30,1304752130,11.7,466355300,55.6,76761163385,145862,51842,55.1,8963068,751,2451,20190622,59.51
4,4,0,OLD,20183782,기생충,2019-05-30,1193849940,11.5,-110902190,-8.5,77955013325,133264,-12598,-8.6,9096332,769,2385,20190623,55.88
3,3,1,OLD,20183782,기생충,2019-05-30,564327520,17.1,-629522420,-52.7,78519340845,70449,-62815,-47.1,9166781,710,2682,20190624,26.27
3,3,0,OLD,20183782,기생충,2019-05-30,519563910,17.1,-44763610,-7.9,79038904755,65725,-4724,-6.7,9232506,733,2691,20190625,24.42
5,5,-2,OLD,20183782,기생충,2019-05-30,444699590,9.0,-74864320,-14.4,79483604345,71362,5637,8.6,9303868,604,1441,20190626,49.52
4,4,1,OLD,20183782,기생충,2019-05-30,365221300,10.0,-79478290,-17.9,79848825645,46497,-24865,-34.8,9350365,569,1510,20190627,30.79
4,4,0,OLD,20183782,기생충,2019-05-30,440823590,9.4,75602290,20.7,80289649235,50343,3846,8.3,9400708,614,1658,20190628,30.36
4,4,0,OLD,20183782,기생충,2019-05-30,809213330,7.7,368389740,83.6,81098862565,90791,40448,80.3,9491499,642,1587,20190629,57.21
4,4,0,OLD,20183782,기생충,2019-05-30,763208620,8.3,-46004710,-5.7,81862071185,86482,-4309,-4.7,9577981,650,1598,20190630,54.12
5,5,-1,OLD,20183782,기생충,2019-05-30,324857040,9.9,-438351580,-57.4,82186928225,40512,-45970,-53.2,9618493,625,1774,20190701,22.84
4,4,1,OLD,20183782,기생충,2019-05-30,183117730,2.6,-141739310,-43.6,82370045955,23038,-17474,-43.1,9641531,446,912,20190702,25.26
4,4,0,OLD,20183782,기생충,2019-05-30,178241150,3.1,-4876580,-2.7,82548287105,22294,-744,-3.2,9663825,464,972,20190703,22.94
4,4,0,OLD,20183782,기생충,2019-05-30,176004620,3.4,-2236530,-1.3,82724291725,22078,-216,-1.0,9685903,464,962,20190704,22.95
4,4,0,OLD,20183782,기생충,2019-05-30,218156710,2.7,42152090,23.9,82942448435,24797,2719,12.3,9710700,471,945,20190705,26.24
4,4,0,OLD,20183782,기생충,2019-05-30,308185560,2.0,90028850,41.3,83250633995,34674,9877,39.8,9745374,410,762,20190706,45.5
4,4,0,OLD,20183782,기생충,2019-05-30,268342490,2.1,-39843070,-12.9,83518976485,30407,-4267,-12.3,9775781,416,749,20190707,40.6
4,4,0,OLD,20183782,기생충,2019-05-30,169764490,4.9,-98578000,-36.7,83688740975,22941,-7466,-24.6,9798722,476,1103,20190708,20.8
4,4,0,OLD,20183782,기생충,2019-05-30,172171870,4.8,2407380,1.4,83860912845,23287,346,1.5,9822009,488,1084,20190709,21.48
5,5,-1,OLD,20183782,기생충,2019-05-30,130538910,3.8,-41632960,-24.2,83991451755,18103,-5184,-22.3,9840112,383,798,20190710,22.69
5,5,0,OLD,20183782,기생충,2019-05-30,117862850,3.8,-12676060,-9.7,84109314605,16931,-1172,-6.5,9857043,357,640,20190711,26.45
5,5,0,OLD,20183782,기생충,2019-05-30,129261750,3.1,11398900,9.7,84238576355,17159,228,1.3,9874202,360,630,20190712,27.24
7,7,-2,OLD,20183782,기생충,2019-05-30,198468390,2.0,69206640,53.5,84437044745,24302,7143,41.6,9898504,314,522,20190713,46.56
7,7,0,OLD,20183782,기생충,2019-05-30,179004980,2.0,-19463410,-9.8,84616049725,22806,-1496,-6.2,9921310,315,528,20190714,43.19
5,5,2,OLD,20183782,기생충,2019-05-30,100586800,4.3,-78418180,-43.8,84716636525,14650,-8156,-35.8,9935960,372,703,20190715,20.84
5,5,0,OLD,20183782,기생충,2019-05-30,104922730,4.5,4335930,4.3,84821559255,15950,1300,8.9,9951910,374,712,20190716,22.4
6,6,-1,OLD,20183782,기생충,2019-05-30,50931020,1.2,-53991710,-51.5,84872490275,7886,-8064,-50.6,9959796,195,317,20190717,24.88
5,5,1,OLD,20183782,기생충,2019-05-30,55429630,1.5,4498610,8.8,84927919905,8446,560,7.1,9968242,196,305,20190718,27.69
5,5,0,OLD,20183782,기생충,2019-05-30,70737160,1.4,15307530,27.6,84998657065,9641,1195,14.1,9977883,192,308,20190719,31.3
5,5,0,OLD,20183782,기생충,2019-05-30,90959090,0.8,20221930,28.6,85089616155,11766,2125,22.0,9989649,154,227,20190720,51.83
5,5,0,OLD,20183782,기생충,2019-05-30,89627790,0.9,-1331300,-1.5,85179243945,11669,-97,-0.8,10001318,170,243,20190721,48.02
5,5,0,OLD,20183782,기생충,2019-05-30,60945700,2.1,-28682090,-32.0,85240189645,7503,-4166,-35.7,10008821,205,372,20190722,20.17
5,5,0,OLD,20183782,기생충,2019-05-30,69271400,2.5,8325700,13.7,85309461045,8675,1172,15.6,10017496,212,384,20190723,22.59
10,10,-5,OLD,20183782,기생충,2019-05-30,23193780,0.6,-46077620,-66.5,85332654825,2865,-5810,-67.0,10020361,78,118,20190724,24.28
10,10,0,OLD,20183782,기생충,2019-05-30,27834380,0.8,4640600,20.0,85360489205,3398,533,18.6,10023759,83,126,20190725,26.97
9,9,1,OLD,20183782,기생충,2019-05-30,35740260,0.8,7905880,28.4,85396229465,3879,481,14.2,10027638,94,140,20190726,27.71
9,9,0,OLD,20183782,기생충,2019-05-30,62986240,0.7,27245980,76.2,85459215705,6879,3000,77.3,10034517,94,151,20190727,45.56
9,9,0,OLD,20183782,기생충,2019-05-30,63485090,0.8,498850,0.8,85522700795,7326,447,6.5,10041843,99,160,20190728,45.79
10,10,-1,OLD,20183782,기생충,2019-05-30,42881570,1.1,-20603520,-32.5,85565582365,5161,-2165,-29.6,10047004,112,190,20190729,27.16
9,9,2,OLD,20183782,기생충,2019-05-30,22406760,0.3,3820890,20.6,85662768245,2531,226,9.8,10058839,41,80,20190802,31.64
9,9,0,OLD,20183782,기생충,2019-05-30,31308840,0.2,8902080,39.7,85694077085,3483,952,37.6,10062322,51,84,20190803,41.46
9,9,0,OLD,20183782,기생충,2019-05-30,25778470,0.2,-5530370,-17.7,85719855555,2923,-560,-16.1,10065245,57,87,20190804,33.6
1,1,4,OLD,20227762,올빼미,2022-11-23,960455022,49.4,918704022,2200.4,1076882022,101581,96942,2089.7,114564,1381,5974,20221123,17.0
1,1,0,OLD,20227762,올빼미,2022-11-23,633449261,45.7,-327005761,-34.0,1710331283,66802,-34779,-34.2,181366,1380,5516,20221124,12.11
1,1,0,OLD,20227762,올빼미,2022-11-23,1236686621,54.6,603237360,95.2,2947017904,123176,56374,84.4,304542,1433,6281,20221125,19.61
1,1,0,OLD,20227762,올빼미,2022-11-23,2681554436,55.2,1444867815,116.8,5628572340,260517,137341,111.5,565059,1541,6978,20221126,37.33
1,1,0,OLD,20227762,올빼미,2022-11-23,2581825924,57.0,-99728512,-3.7,8210398264,252630,-7887,-3.0,817689,1533,6858,20221127,36.84
1,1,0,OLD,20227762,올빼미,2022-11-23,699243880,59.5,-1882582044,-72.9,8909642144,75324,-177306,-70.2,893013,1456,5758,20221128,13.08
1,1,0,OLD,20227762,올빼미,2022-11-23,907969712,59.3,208725832,29.9,9817611856,96636,21312,28.3,989649,1490,6400,20221129,15.1
1,1,0,OLD,20227762,올빼미,2022-11-23,1073271998,32.9,165302286,18.2,10890883854,137667,41031,42.5,1127316,1269,4673,20221130,29.46
1,1,0,OLD,20227762,올빼미,2022-11-23,784952401,37.7,-288319597,-26.9,11675836255,83226,-54441,-39.5,1210542,1270,4672,20221201,17.81
1,1,0,OLD,20227762,올빼미,2022-11-23,941706790,42.4,156754389,20.0,12617543045,95842,12616,15.2,1306384,1359,4969,20221202,19.29
1,1,0,OLD,20227762,올빼미,2022-11-23,2419490790,46.9,1477784000,156.9,15037033835,235134,139292,145.3,1541518,1471,5995,20221203,39.22
1,1,0,OLD,20227762,올빼미,2022-11-23,2275330550,46.2,-144160240,-6.0,17312364385,222131,-13003,-5.5,1763649,1478,5915,20221204,37.55
1,1,0,OLD,20227762,올빼미,2022-11-23,650036614,47.8,-1625293936,-71.4,17962400999,68698,-153433,-69.1,1832347,1329,5259,20221205,13.06
1,1,0,OLD,20227762,올빼미,2022-11-23,644717442,45.6,-5319172,-0.8,18607118441,68722,24,0.0,1901069,1357,5289,20221206,12.99
1,1,0,OLD,20227762,올빼미,2022-11-23,707704742,41.8,62987300,9.8,19314823183,75018,6296,9.2,1976087,1337,5406,20221207,13.88
1,1,0,OLD,20227762,올빼미,2022-11-23,717271845,43.4,9567103,1.4,20032095028,75860,842,1.1,2051947,1336,5450,20221208,13.92
1,1,0,OLD,20227762,올빼미,2022-11-23,1014010417,48.5,296738572,41.4,21046105445,102532,26672,35.2,2154479,1446,5934,20221209,17.28
1,1,0,OLD,20227762,올빼미,2022-11-23,1983805832,48.4,969795415,95.6,23029911277,193220,90688,88.4,2347699,1479,6360,20221210,30.38
1,1,0,OLD,20227762,올빼미,2022-11-23,1774737473,45.7,-209068359,-10.5,24804648750,172792,-20428,-10.6,2520491,1462,6207,20221211,27.84
1,1,0,OLD,20227762,올빼미,2022-11-23,618090996,47.0,-1156646477,-65.2,25422739746,65260,-107532,-62.2,2585751,1414,5751,20221212,11.35
1,1,0,OLD,20227762,올빼미,2022-11-23,625543346,43.0,7452350,1.2,26048283092,66228,968,1.5,2651979,1441,5713,20221213,11.59
2,2,-1,OLD,20227762,올빼미,2022-11-23,310191475,6.3,-315351871,-50.4,26358474567,32251,-33977,-51.3,2684230,765,1610,20221214,20.03
2,2,0,OLD,20227762,올빼미,2022-11-23,323963932,7.7,13772457,4.4,26682438499,33683,1432,4.4,2717913,816,1657,20221215,20.33
2,2,0,OLD,20227762,올빼미,2022-11-23,459513485,7.6,135549553,41.8,27141951984,45812,12129,36.0,2763725,840,1747,20221216,26.22
2,2,0,OLD,20227762,올빼미,2022-11-23,702092042,5.8,242578557,52.8,27844044026,67545,21733,47.4,2831270,839,1668,20221217,40.49
2,2,0,OLD,20227762,올빼미,2022-11-23,640565549,5.6,-61526493,-8.8,28484609575,61860,-5685,-8.4,2893130,808,1626,20221218,38.04
2,2,0,OLD,20227762,올빼미,2022-11-23,272257353,7.0,-368308196,-57.5,28756866928,28385,-33475,-54.1,2921515,817,1728,20221219,16.43
2,2,0,OLD,20227762,올빼미,2022-11-23,295333210,7.7,23075857,8.5,29052200138,30777,2392,8.4,2952292,839,1765,20221220,17.44
3,3,-1,OLD,20227762,올빼미,2022-11-23,167530714,3.8,-127802496,-43.3,29219730852,17468,-13309,-43.2,2969760,510,847,20221221,20.62
3,3,0,OLD,20227762,올빼미,2022-11-23,157997699,3.9,-9533015,-5.7,29377728551,16006,-1462,-8.4,2985766,507,822,20221222,19.47
3,3,0,OLD,20227762,올빼미,2022-11-23,229171751,3.9,71174052,45.0,29606900302,22468,6462,40.4,3008234,528,883,20221223,25.45
4,4,-1,OLD,20227762,올빼미,2022-11-23,468361602,3.2,239189851,104.4,30075261904,44126,21658,96.4,3052360,535,873,20221224,50.55
5,5,-1,OLD,20227762,올빼미,2022-11-23,503569336,3.5,35207734,7.5,30578831240,47327,3201,7.3,3099687,549,876,20221225,54.03
3,3,2,OLD,20227762,올빼미,2022-11-23,181623177,4.2,-321946159,-63.9,30760454417,18685,-28642,-60.5,3118372,545,910,20221226,20.53
3,3,0,OLD,20227762,올빼미,2022-11-23,178797805,4.5,-2825372,-1.6,30939252222,18478,-207,-1.1,3136850,570,955,20221227,19.35
5,5,-2,OLD,20227762,올빼미,2022-11-23,134019369,3.1,-44778436,-25.0,31073271591,16767,-1711,-9.3,3153617,436,661,20221228,25.37
5,5,0,OLD,20227762,올빼미,2022-11-23,149047058,3.3,15027689,11.2,31222318649,15402,-1365,-8.1,3169019,430,659,20221229,23.37
5,5,0,OLD,20227762,올빼미,2022-11-23,237874911,3.5,88827853,59.6,31460193560,23430,8028,52.1,3192449,451,730,20221230,32.1
5,5,0,OLD,20227762,올빼미,2022-11-23,241944506,2.8,-66929484,-21.7,32011012056,23419,-6899,-22.8,3246186,448,674,20230101,34.75
4,4,1,OLD,20227762,올빼미,2022-11-23,102025344,3.3,-139919162,-57.8,32113037400,10471,-12948,-55.3,3256657,427,710,20230102,14.75
5,5,-1,OLD,20227762,올빼미,2022-11-23,93656986,3.5,-8368358,-8.2,32206694386,9593,-878,-8.4,3266250,432,702,20230103,13.67
7,7,-2,OLD,20227762,올빼미,2022-11-23,41884767,1.3,-51772219,-55.3,32248579153,4217,-5376,-56.0,3270467,212,281,20230104,15.01
7,7,0,OLD,20227762,올빼미,2022-11-23,29322560,1.0,-12562207,-30.0,32277901713,2994,-1223,-29.0,3273461,205,270,20230105,11.09
7,7,0,OLD,20227762,올빼미,2022-11-23,40528484,1.1,11205924,38.2,32318430197,3938,944,31.5,3277399,202,276,20230106,14.27
7,7,0,OLD,20227762,올빼미,2022-11-23,84250857,1.0,43722373,107.9,32402681054,8016,4078,103.6,3285415,204,282,20230107,28.43
8,8,-1,OLD,20227762,올빼미,2022-11-23,63333535,0.9,-20917322,-24.8,32466014589,6012,-2004,-25.0,3291427,189,264,20230108,22.77
7,7,1,OLD,20227762,올빼미,2022-11-23,24459432,1.0,-38874103,-61.4,32490474021,2407,-3605,-60.0,3293834,197,270,20230109,8.91
7,7,0,OLD,20227762,올빼미,2022-11-23,21622363,1.0,-2837069,-11.6,32512096384,2140,-267,-11.1,3295974,202,277,20230110,7.73
8,8,-1,OLD,20227762,올빼미,2022-11-23,25012196,1.1,3389833,15.7,32537108580,2435,295,13.8,3298409,238,323,20230111,7.54
8,8,0,OLD,20227762,올빼미,2022-11-23,25345365,1.2,333169,1.3,32562453945,2488,53,2.2,3300897,248,332,20230112,7.49
7,7,1,OLD,20227762,올빼미,2022-11-23,34787278,1.2,9441913,37.3,32597241223,3242,754,30.3,3304139,259,364,20230113,8.91
7,7,0,OLD,20227762,올빼미,2022-11-23,81901326,1.3,47114048,135.4,32679142549,7461,4219,130.1,3311600,257,384,20230114,19.43
7,7,0,OLD,20227762,올빼미,2022-11-23,64865978,1.2,-17035348,-20.8,32744008527,5911,-1550,-20.8,3317511,238,362,20230115,16.33
8,8,-1,OLD,20227762,올빼미,2022-11-23,22189477,1.3,-42676501,-65.8,32766198004,2142,-3769,-63.8,3319653,239,345,20230116,6.21
7,7,1,OLD,20227762,올빼미,2022-11-23,20835380,1.2,-1354097,-6.1,32787033384,2008,-134,-6.3,3321661,238,345,20230117,5.82
1,1,37,OLD,20180939,남산의 부장들,2020-01-22,2048853040,56.1,2046630040,92066.1,2089286040,252058,251811,101947.8,257743,1363,7286,20200122,34.59
1,1,0,OLD,20180939,남산의 부장들,2020-01-22,2774779700,55.6,725926660,35.4,4864065740,334864,82806,32.9,592607,1380,7588,20200123,44.13
1,1,0,OLD,20180939,남산의 부장들,2020-01-22,4872825430,54.7,2098045730,75.6,9736891170,535123,200259,59.8,1127730,1563,8784,20200124,60.92
1,1,0,OLD,20180939,남산의 부장들,2020-01-22,6413286040,55.1,1540460610,31.6,16150177210,693992,158869,29.7,1821722,1617,9054,20200125,76.65
1,1,0,OLD,20180939,남산의 부장들,2020-01-22,7106650480,54.4,693364440,10.8,23256827690,782927,88935,12.8,2604649,1659,9261,20200126,84.54
1,1,0,OLD,20180939,남산의 부장들,2020-01-22,5535386690,51.3,-1571263790,-22.1,28792214380,621378,-161549,-20.6,3226027,1615,8914,20200127,69.71
1,1,0,OLD,20180939,남산의 부장들,2020-01-22,1508483910,50.0,-4026902780,-72.7,30300698290,187486,-433892,-69.8,3413513,1439,7804,20200128,24.02
1,1,0,OLD,20180939,남산의 부장들,2020-01-22,1301071800,46.2,-207412110,-13.7,31601770090,211957,24471,13.1,3625470,1462,7520,20200129,28.19
1,1,0,OLD,20180939,남산의 부장들,2020-01-22,945073180,44.1,-355998620,-27.4,32546843270,118078,-93879,-44.3,3743548,1383,7262,20200130,16.26
1,1,0,OLD,20180939,남산의 부장들,2020-01-22,1124047950,46.8,178974770,18.9,33670891220,130871,12793,10.8,3874419,1362,7355,20200131,17.79
1,1,0,OLD,20180939,남산의 부장들,2020-01-22,1888602720,47.5,764554770,68.0,35559493940,214004,83133,63.5,4088423,1384,7542,20200201,28.37
1,1,0,OLD,20180939,남산의 부장들,2020-01-22,1438625680,45.8,-449977040,-23.8,36998119620,163169,-50835,-23.8,4251592,1353,7300,20200202,22.35
1,1,0,OLD,20180939,남산의 부장들,2020-01-22,458960110,41.4,-979665570,-68.1,37457079730,56645,-106524,-65.3,4308237,1332,6290,20200203,9.01
1,1,0,OLD,20180939,남산의 부장들,2020-01-22,398133680,40.7,-60826430,-13.3,37855213410,48874,-7771,-13.7,4357111,1319,6081,20200204,8.04
3,3,-2,OLD,20180939,남산의 부장들,2020-01-22,280839300,14.7,-117294380,-29.5,38136052710,34549,-14325,-29.3,4391660,814,3359,20200205,10.29
3,3,0,OLD,20180939,남산의 부장들,2020-01-22,241043560,14.2,-39795740,-14.2,38377096270,29666,-4883,-14.1,4421326,800,3194,20200206,9.29
3,3,0,OLD,20180939,남산의 부장들,2020-01-22,288503120,14.7,47459560,19.7,38665599390,32676,3010,10.1,4454002,814,3216,20200207,10.16
3,3,0,OLD,20180939,남산의 부장들,2020-01-22,596467600,15.7,307964480,106.7,39262066990,66463,33787,103.4,4520465,837,3328,20200208,19.97
3,3,0,OLD,20180939,남산의 부장들,2020-01-22,539083260,15.2,-57384340,-9.6,39801150250,60064,-6399,-9.6,4580529,835,3237,20200209,18.56
3,3,0,OLD,20180939,남산의 부장들,2020-01-22,204592020,14.9,-334491240,-62.0,40005742270,25189,-34875,-58.1,4605718,771,2916,20200210,8.64
3,3,0,OLD,20180939,남산의 부장들,2020-01-22,196927370,14.0,-7664650,-3.7,40202669640,24195,-994,-3.9,4629913,790,2948,20200211,8.21
4,4,-1,OLD,20180939,남산의 부장들,2020-01-22,123441660,5.0,-73485710,-37.3,40326111300,15288,-8907,-36.8,4645201,556,1285,20200212,11.9
5,5,-1,OLD,20180939,남산의 부장들,2020-01-22,100589730,4.3,-22851930,-18.5,40426701030,12477,-2811,-18.4,4657678,541,1172,20200213,10.65
5,5,0,OLD,20180939,남산의 부장들,2020-01-22,135782320,4.4,35192590,35.0,40562483350,15453,2976,23.9,4673131,556,1190,20200214,12.99
6,6,-1,OLD,20180939,남산의 부장들,2020-01-22,231859970,4.3,96077650,70.8,40794343320,26252,10799,69.9,4699383,548,1125,20200215,23.34
6,6,0,OLD,20180939,남산의 부장들,2020-01-22,213728320,4.3,-18131650,-7.8,41008071640,24301,-1951,-7.4,4723684,525,1070,20200216,22.71
5,5,1,OLD,20180939,남산의 부장들,2020-01-22,75694380,4.3,-138033940,-64.6,41083766020,9399,-14902,-61.3,4733083,538,1088,20200217,8.64
5,5,0,OLD,20180939,남산의 부장들,2020-01-22,68233130,3.8,-7461250,-9.9,41151999150,8472,-927,-9.9,4741555,532,1068,20200218,7.93
10,10,1,OLD,20180939,남산의 부장들,2020-01-22,3080960,0.5,-5089720,-62.3,41209709750,382,-526,-57.9,4748387,94,135,20200224,2.83
2,2,0,NEW,20209654,헤어질 결심,2022-06-29,943860670,25.1,943860670,100.0,1036627670,114589,114589,100.0,124806,1374,5512,20220629,20.79
2,2,0,OLD,20209654,헤어질 결심,2022-06-29,609048570,20.0,-334812100,-35.5,1645676240,63121,-51468,-44.9,187927,1318,5186,20220630,12.17
2,2,0,OLD,20209654,헤어질 결심,2022-06-29,788079010,17.3,179030440,29.4,2433755250,76354,13233,21.0,264281,1265,5032,20220701,15.17
2,2,0,OLD,20209654,헤어질 결심,2022-06-29,1385316180,15.7,597237170,75.8,3819071430,132535,56181,73.6,396816,1165,4466,20220702,29.68
2,2,0,OLD,20209654,헤어질 결심,2022-06-29,1155001740,14.6,-230314440,-16.6,4974073170,111270,-21265,-16.0,508086,1119,4187,20220703,26.58
2,2,0,OLD,20209654,헤어질 결심,2022-06-29,494716790,17.7,-660284950,-57.2,5468789960,49558,-61712,-55.5,557644,1066,4051,20220704,12.23
2,2,0,OLD,20209654,헤어질 결심,2022-06-29,557948840,17.5,63232050,12.8,6026738800,55868,6310,12.7,613512,1079,4064,20220705,13.75
3,3,-1,OLD,20209654,헤어질 결심,2022-06-29,336628140,5.8,-221320700,-39.7,6363366940,33570,-22298,-39.9,647082,595,1350,20220706,24.87
3,3,0,OLD,20209654,헤어질 결심,2022-06-29,342604220,8.9,5976080,1.8,6705971160,33710,140,0.4,680792,619,1390,20220707,24.25
3,3,0,OLD,20209654,헤어질 결심,2022-06-29,471953140,8.9,129348920,37.8,7177924300,43823,10113,30.0,724615,654,1472,20220708,29.77
3,3,0,OLD,20209654,헤어질 결심,2022-06-29,893376640,8.0,421423500,89.3,8071300940,81522,37699,86.0,806137,742,1598,20220709,51.02
3,3,0,OLD,20209654,헤어질 결심,2022-06-29,853725820,8.8,-39650820,-4.4,8925026760,79032,-2490,-3.1,885169,751,1626,20220710,48.61
3,3,0,OLD,20209654,헤어질 결심,2022-06-29,430485110,15.0,-423240710,-49.6,9355511870,41861,-37171,-47.0,927030,677,1763,20220711,23.74
3,3,0,OLD,20209654,헤어질 결심,2022-06-29,437078190,17.0,6593080,1.5,9792590060,42230,369,0.9,969260,720,1815,20220712,23.27
4,4,-1,OLD,20209654,헤어질 결심,2022-06-29,343059200,11.2,-94018990,-21.5,10135649260,34876,-7354,-17.4,1004136,723,1520,20220713,22.94
3,3,1,OLD,20209654,헤어질 결심,2022-06-29,372682510,14.1,29623310,8.6,10508331770,35782,906,2.6,1039918,758,1620,20220714,22.09
3,3,0,OLD,20209654,헤어질 결심,2022-06-29,525001430,14.2,152318920,40.9,11033333200,47915,12133,33.9,1087833,806,1790,20220715,26.77
3,3,0,OLD,20209654,헤어질 결심,2022-06-29,900233000,12.2,375231570,71.5,11933566200,82263,34348,71.7,1170096,874,2074,20220716,39.66
3,3,0,OLD,20209654,헤어질 결심,2022-06-29,841128830,12.8,-59104170,-6.6,12774695030,77043,-5220,-6.3,1247139,848,2058,20220717,37.44
3,3,0,OLD,20209654,헤어질 결심,2022-06-29,373457240,16.2,-467671590,-55.6,13148152270,35928,-41115,-53.4,1283067,855,2129,20220718,16.88
3,3,0,OLD,20209654,헤어질 결심,2022-06-29,384741950,15.7,11284710,3.0,13532894220,37297,1369,3.8,1320364,864,2156,20220719,17.3
4,4,-1,OLD,20209654,헤어질 결심,2022-06-29,218398688,5.1,-166343262,-43.2,13751292908,21092,-16205,-43.4,1341456,494,867,20220720,24.33
4,4,0,OLD,20209654,헤어질 결심,2022-06-29,256436916,7.8,38038228,17.4,14007729824,24710,3618,17.2,1366166,642,1068,20220721,23.14
4,4,0,OLD,20209654,헤어질 결심,2022-06-29,347943058,8.2,91506142,35.7,14355672882,31656,6946,28.1,1397822,647,1140,20220722,27.77
4,4,0,OLD,20209654,헤어질 결심,2022-06-29,587592603,6.9,239649545,68.9,14943265485,53054,21398,67.6,1450876,654,1212,20220723,43.77
4,4,0,OLD,20209654,헤어질 결심,2022-06-29,556555056,6.7,-31037547,-5.3,15499820541,50467,-2587,-4.9,1501343,664,1210,20220724,41.71
4,4,0,OLD,20209654,헤어질 결심,2022-06-29,283500303,9.3,-273054753,-49.1,15783320844,27435,-23032,-45.6,1528778,666,1335,20220725,20.55
4,4,0,OLD,20209654,헤어질 결심,2022-06-29,278367179,9.8,-5133124,-1.8,16061688023,27098,-337,-1.2,1555876,672,1371,20220726,19.77
5,5,-1,OLD,20209654,헤어질 결심,2022-06-29,184887746,3.4,-93479433,-33.6,16246575769,22087,-5011,-18.5,1577963,398,671,20220727,32.92
6,6,-1,OLD,20209654,헤어질 결심,2022-06-29,167031737,3.5,-17856009,-9.7,16413607506,15820,-6267,-28.4,1593783,392,658,20220728,24.04
6,6,0,OLD,20209654,헤어질 결심,2022-06-29,227221677,3.6,60189940,36.0,16640829183,20546,4726,29.9,1614329,418,719,20220729,28.58
6,6,0,OLD,20209654,헤어질 결심,2022-06-29,338627537,2.9,111405860,49.0,16979456720,30453,9907,48.2,1644782,421,742,20220730,41.04
6,6,0,OLD,20209654,헤어질 결심,2022-06-29,300481783,2.7,-38145754,-11.3,17279938503,27313,-3140,-10.3,1672095,440,740,20220731,36.91
6,6,0,OLD,20209654,헤어질 결심,2022-06-29,190364696,2.8,-110117087,-36.6,17470303199,18220,-9093,-33.3,1690315,411,751,20220801,24.26
6,6,0,OLD,20209654,헤어질 결심,2022-06-29,190209473,3.1,-155223,-0.1,17660512672,18263,43,0.2,1708578,412,752,20220802,24.29
7,7,-1,OLD,20209654,헤어질 결심,2022-06-29,104273297,1.5,-85936176,-45.2,17764785969,9827,-8436,-46.2,1718405,255,410,20220803,23.97
6,6,1,OLD,20209654,헤어질 결심,2022-06-29,107314159,2.0,3040862,2.9,17872100128,10209,382,3.9,1728614,265,415,20220804,24.6
6,6,0,OLD,20209654,헤어질 결심,2022-06-29,142017614,2.3,34703455,32.3,18014117742,13226,3017,29.6,1741840,265,432,20220805,30.62
7,7,-1,OLD,20209654,헤어질 결심,2022-06-29,201851173,1.9,59833559,42.1,18215968915,18001,4775,36.1,1759841,278,438,20220806,41.1
6,6,1,OLD,20209654,헤어질 결심,2022-06-29,169174033,1.7,-32677140,-16.2,18385142948,15203,-2798,-15.5,1775044,266,426,20220807,35.69
5,5,1,OLD,20209654,헤어질 결심,2022-06-29,87074396,2.6,-82099637,-48.5,18472217344,8256,-6947,-45.7,1783300,257,443,20220808,18.64
5,5,0,OLD,20209654,헤어질 결심,2022-06-29,74363000,2.5,-12711396,-14.6,18546580344,7025,-1231,-14.9,1790325,270,452,20220809,15.54
7,7,-2,OLD,20209654,헤어질 결심,2022-06-29,40394099,0.9,-33968901,-45.7,18586974443,3916,-3109,-44.3,1794241,160,219,20220810,17.88
8,8,-1,OLD,20209654,헤어질 결심,2022-06-29,42201119,1.1,1807020,4.5,18629175562,4040,124,3.2,1798281,164,224,20220811,18.04
7,7,1,OLD,20209654,헤어질 결심,2022-06-29,55674459,1.1,13473340,31.9,18684850021,5102,1062,26.3,1803383,177,240,20220812,21.26
9,9,-2,OLD,20209654,헤어질 결심,2022-06-29,77488055,0.8,21813596,39.2,18762338076,6889,1787,35.0,1810272,177,235,20220813,29.31
9,9,0,OLD,20209654,헤어질 결심,2022-06-29,84606718,0.7,7118663,9.2,18846944794,7657,768,11.1,1817929,185,237,20220814,32.31
9,9,0,OLD,20209654,헤어질 결심,2022-06-29,74959252,0.7,-9647466,-11.4,18921904046,6886,-771,-10.1,1824815,176,231,20220815,29.81
8,8,1,OLD,20209654,헤어질 결심,2022-06-29,40298617,1.3,-34660635,-46.2,18962202663,3878,-3008,-43.7,1828693,175,250,20220816,15.51
9,9,-1,OLD,20209654,헤어질 결심,2022-06-29,29231858,0.9,-11066759,-27.5,18991434521,2856,-1022,-26.4,1831549,134,192,20220817,14.88
9,9,0,OLD,20209654,헤어질 결심,2022-06-29,26965998,1.0,-2265860,-7.8,19018400519,2656,-200,-7.0,1834205,133,187,20220818,14.2
8,8,1,OLD,20209654,헤어질 결심,2022-06-29,31056578,1.0,4090580,15.2,19049457097,2850,194,7.3,1837055,144,205,20220819,13.9
10,10,-2,OLD,20209654,헤어질 결심,2022-06-29,49939759,0.7,18883181,60.8,19099396856,4568,1718,60.3,1841623,135,197,20220820,23.19
8,8,3,OLD,20209654,헤어질 결심,2022-06-29,25413817,1.3,-16814180,-39.8,19167038670,2461,-1452,-37.1,1847997,141,217,20220822,11.34
9,9,-1,OLD,20209654,헤어질 결심,2022-06-29,27041797,1.5,1627980,6.4,19194080467,2608,147,6.0,1850605,144,222,20220823,11.75
8,8,1,OLD,20209654,헤어질 결심,2022-06-29,16287900,0.7,-10753897,-39.8,19210368367,1616,-992,-38.0,1852221,96,133,20220824,12.15
9,9,2,OLD,20209654,헤어질 결심,2022-06-29,20097100,0.8,4402602,28.1,19246159965,1748,264,17.8,1855453,97,132,20220826,13.24
8,8,5,OLD,20209654,헤어질 결심,2022-06-29,14133599,1.0,-13099697,-48.1,19316757857,1377,-963,-41.2,1861839,90,132,20220829,10.43
10,10,-2,OLD,20209654,헤어질 결심,2022-06-29,15243500,1.0,1109901,7.9,19332001357,1450,73,5.3,1863289,93,129,20220830,11.24
