date,rnum,rank,rankInten,rankOldAndNew,movieCd,movieNm,openDt,salesAmt,salesShare,salesInten,salesChange,salesAcc,audiCnt,audiInten,audiChange,audiAcc,scrnCnt,showCnt,show_efficiency,screen_share,movie_name
2019-05-30,1.0,1.0,7.0,OLD,20183782.0,기생충,2019-05-30,4579290500.0,75.7,4519237500.0,7525.4,4677727500.0,568092,562494.0,10048.1,568092,1783.0,8262.0,68.75962236746551,55.771035345636534,parasite
2019-05-31,1.0,1.0,0.0,OLD,20183782.0,기생충,2019-05-30,5893815975.0,72.7,1314525475.0,28.7,10571543475.0,667826,99734.0,17.6,1235918,1826.0,8806.0,75.83761071996366,57.11604629340006,parasite
2019-06-01,1.0,1.0,0.0,OLD,20183782.0,기생충,2019-05-30,9909224473.0,68.8,4015408498.0,68.1,20480767948.0,1126677,458851.0,68.7,2362595,1927.0,9907.0,113.72534571515092,60.275258054426025,parasite
2019-06-02,1.0,1.0,0.0,OLD,20183782.0,기생충,2019-05-30,8706733270.0,67.7,-1202491203.0,-12.1,29187501218.0,994607,-132070.0,-11.7,3357202,1948.0,9820.0,101.28380855397148,60.932123866124485,parasite
2019-06-03,1.0,1.0,0.0,OLD,20183782.0,기생충,2019-05-30,3071603430.0,72.6,-5635129840.0,-64.7,32259104648.0,382497,-612110.0,-61.5,3739699,1804.0,9196.0,41.59384515006525,56.427901157335,parasite
2019-06-04,1.0,1.0,0.0,OLD,20183782.0,기생충,2019-05-30,2782574190.0,70.0,-289029240.0,-9.4,35041678838.0,348723,-33774.0,-8.8,4088422,1814.0,9193.0,37.93353638638094,56.74069440100094,parasite
2019-06-05,1.0,1.0,0.0,OLD,20183782.0,기생충,2019-05-30,3435665860.0,59.6,653091670.0,23.5,38477344698.0,425745,77022.0,22.1,4514167,1700.0,8068.0,52.769583539910755,53.174851423209255,parasite
2019-06-06,1.0,1.0,0.0,OLD,20183782.0,기생충,2019-05-30,7210821290.0,53.5,3775155430.0,109.9,45688165988.0,831644,405899.0,95.3,5345811,1574.0,7975.0,104.28137931034485,49.233656553018456,parasite
2019-06-07,1.0,1.0,0.0,OLD,20183782.0,기생충,2019-05-30,4519273774.0,53.1,-2691547516.0,-37.3,50207439762.0,519720,-311924.0,-37.5,5865531,1561.0,7877.0,65.97943379459186,48.82702533625274,parasite
2019-06-08,1.0,1.0,0.0,OLD,20183782.0,기생충,2019-05-30,5635004423.0,50.5,1115730649.0,24.7,55842444185.0,637591,117871.0,22.7,6503122,1579.0,7958.0,80.11950238753455,49.390053174851424,parasite
2019-06-09,1.0,1.0,0.0,OLD,20183782.0,기생충,2019-05-30,4500961560.0,47.2,-1134042863.0,-20.1,60343405745.0,509134,-128457.0,-20.1,7012256,1577.0,7736.0,65.8135987590486,49.32749452611824,parasite
2019-06-10,1.0,1.0,0.0,OLD,20183782.0,기생충,2019-05-30,1560319780.0,52.4,-2940641780.0,-65.3,61903725525.0,194662,-314472.0,-61.8,7206918,1460.0,7287.0,26.71359956086181,45.66781357522677,parasite
2019-06-11,1.0,1.0,0.0,OLD,20183782.0,기생충,2019-05-30,1260270800.0,47.9,-300048980.0,-19.2,63163996325.0,157774,-36888.0,-18.9,7364692,1460.0,7251.0,21.758929802785826,45.66781357522677,parasite
2019-06-12,1.0,1.0,0.0,OLD,20183782.0,기생충,2019-05-30,1172366590.0,36.1,-87904210.0,-7.0,64336362915.0,146216,-11558.0,-7.3,7510908,1217.0,5604.0,26.091363311920055,38.06693775414451,parasite
2019-06-13,1.0,1.0,0.0,OLD,20183782.0,기생충,2019-05-30,1093021770.0,36.6,-79344820.0,-6.8,65429384685.0,136195,-10021.0,-6.9,7647103,1170.0,5211.0,26.136058338130876,36.59680950891461,parasite
2019-06-14,1.0,1.0,0.0,OLD,20183782.0,기생충,2019-05-30,1485706220.0,34.7,392684450.0,35.9,66915090905.0,168192,31997.0,23.5,7815295,1194.0,5396.0,31.16975537435137,37.34751329371286,parasite
2019-06-15,2.0,2.0,-1.0,OLD,20183782.0,기생충,2019-05-30,2490643460.0,28.6,1004937240.0,67.6,69405734365.0,279036,110844.0,65.9,8094331,1206.0,5408.0,51.59689349112426,37.72286518611198,parasite
2019-06-16,2.0,2.0,0.0,OLD,20183782.0,기생충,2019-05-30,2175614880.0,27.6,-315028580.0,-12.6,71581349245.0,241608,-37428.0,-13.4,8335939,1194.0,5297.0,45.6122333396262,37.34751329371286,parasite
2019-06-17,2.0,2.0,0.0,OLD,20183782.0,기생충,2019-05-30,848174300.0,33.1,-1327440580.0,-61.0,72429523545.0,105206,-136402.0,-56.5,8441145,1135.0,5240.0,20.077480916030535,35.502033156083826,parasite
2019-06-18,2.0,2.0,0.0,OLD,20183782.0,기생충,2019-05-30,804249670.0,31.6,-43924630.0,-5.2,73233773215.0,100700,-4506.0,-4.3,8541845,1157.0,5214.0,19.31338703490602,36.190178292148886,parasite
2019-06-19,3.0,3.0,-1.0,OLD,20183782.0,기생충,2019-05-30,742575980.0,22.8,-61673690.0,-7.7,73976349195.0,92169,-8531.0,-8.5,8634014,969.0,4159.0,22.16133685982207,30.30966531122928,parasite
2019-06-20,4.0,4.0,-1.0,OLD,20183782.0,기생충,2019-05-30,641665230.0,15.8,-100910750.0,-13.6,74618014425.0,79310,-12859.0,-14.0,8713324,747.0,2780.0,28.528776978417262,23.36565530184548,parasite
2019-06-21,4.0,4.0,0.0,OLD,20183782.0,기생충,2019-05-30,838396830.0,16.0,196731600.0,30.7,75456411255.0,94020,14710.0,18.5,8807344,783.0,2872.0,32.73676880222841,24.491710979042853,parasite
2019-06-22,4.0,4.0,0.0,OLD,20183782.0,기생충,2019-05-30,1304752130.0,11.7,466355300.0,55.6,76761163385.0,145862,51842.0,55.1,8953206,751.0,2451.0,59.51121991024072,23.490772599311853,parasite
2019-06-23,4.0,4.0,0.0,OLD,20183782.0,기생충,2019-05-30,1193849940.0,11.5,-110902190.0,-8.5,77955013325.0,133264,-12598.0,-8.6,9086470,769.0,2385.0,55.87589098532495,24.053800437910542,parasite
2019-06-24,3.0,3.0,1.0,OLD,20183782.0,기생충,2019-05-30,564327520.0,17.1,-629522420.0,-52.7,78519340845.0,70449,-62815.0,-47.1,9156919,710.0,2682.0,26.267337807606264,22.20832030028151,parasite
2019-06-25,3.0,3.0,0.0,OLD,20183782.0,기생충,2019-05-30,519563910.0,17.1,-44763610.0,-7.9,79038904755.0,65725,-4724.0,-6.7,9222644,733.0,2691.0,24.424005945745076,22.927744760713168,parasite
2019-06-26,5.0,5.0,-2.0,OLD,20183782.0,기생충,2019-05-30,444699590.0,9.0,-74864320.0,-14.4,79483604345.0,71362,5637.0,8.6,9294006,604.0,1441.0,49.52255378209577,18.892711917422584,parasite
2019-06-27,4.0,4.0,1.0,OLD,20183782.0,기생충,2019-05-30,365221300.0,10.0,-79478290.0,-17.9,79848825645.0,46497,-24865.0,-34.8,9340503,569.0,1510.0,30.79271523178808,17.797935564591803,parasite
2019-06-28,4.0,4.0,0.0,OLD,20183782.0,기생충,2019-05-30,440823590.0,9.4,75602290.0,20.7,80289649235.0,50343,3846.0,8.3,9390846,614.0,1658.0,30.363691194209892,19.20550516108852,parasite
2019-06-29,4.0,4.0,0.0,OLD,20183782.0,기생충,2019-05-30,809213330.0,7.7,368389740.0,83.6,81098862565.0,90791,40448.0,80.3,9481637,642.0,1587.0,57.20919974795211,20.081326243353143,parasite
2019-06-30,4.0,4.0,0.0,OLD,20183782.0,기생충,2019-05-30,763208620.0,8.3,-46004710.0,-5.7,81862071185.0,86482,-4309.0,-4.7,9568119,650.0,1598.0,54.1188986232791,20.331560838285892,parasite
2019-07-01,5.0,5.0,-1.0,OLD,20183782.0,기생충,2019-05-30,324857040.0,9.9,-438351580.0,-57.4,82186928225.0,40512,-45970.0,-53.2,9608631,625.0,1774.0,22.83652762119504,19.54957772912105,parasite
2019-07-02,4.0,4.0,1.0,OLD,20183782.0,기생충,2019-05-30,183117730.0,2.6,-141739310.0,-43.6,82370045955.0,23038,-17474.0,-43.1,9631669,446.0,912.0,25.260964912280706,13.950578667500782,parasite
2019-07-03,4.0,4.0,0.0,OLD,20183782.0,기생충,2019-05-30,178241150.0,3.1,-4876580.0,-2.7,82548287105.0,22294,-744.0,-3.2,9653963,464.0,972.0,22.93621399176955,14.51360650609947,parasite
2019-07-04,4.0,4.0,0.0,OLD,20183782.0,기생충,2019-05-30,176004620.0,3.4,-2236530.0,-1.3,82724291725.0,22078,-216.0,-1.0,9676041,464.0,962.0,22.95010395010395,14.51360650609947,parasite
2019-07-05,4.0,4.0,0.0,OLD,20183782.0,기생충,2019-05-30,218156710.0,2.7,42152090.0,23.9,82942448435.0,24797,2719.0,12.3,9700838,471.0,945.0,26.24021164021164,14.732561776665625,parasite
2019-07-06,4.0,4.0,0.0,OLD,20183782.0,기생충,2019-05-30,308185560.0,2.0,90028850.0,41.3,83250633995.0,34674,9877.0,39.8,9735512,410.0,762.0,45.503937007874015,12.82452299030341,parasite
2019-07-07,4.0,4.0,0.0,OLD,20183782.0,기생충,2019-05-30,268342490.0,2.1,-39843070.0,-12.9,83518976485.0,30407,-4267.0,-12.3,9765919,416.0,749.0,40.59679572763685,13.012198936502973,parasite
2019-07-08,4.0,4.0,0.0,OLD,20183782.0,기생충,2019-05-30,169764490.0,4.9,-98578000.0,-36.7,83688740975.0,22941,-7466.0,-24.6,9788860,476.0,1103.0,20.79873073436083,14.888958398498591,parasite
2019-07-09,4.0,4.0,0.0,OLD,20183782.0,기생충,2019-05-30,172171870.0,4.8,2407380.0,1.4,83860912845.0,23287,346.0,1.5,9812147,488.0,1084.0,21.482472324723247,15.264310290897717,parasite
2019-07-10,5.0,5.0,-1.0,OLD,20183782.0,기생충,2019-05-30,130538910.0,3.8,-41632960.0,-24.2,83991451755.0,18103,-5184.0,-22.3,9830250,383.0,798.0,22.68546365914787,11.97998123240538,parasite
2019-07-11,5.0,5.0,0.0,OLD,20183782.0,기생충,2019-05-30,117862850.0,3.8,-12676060.0,-9.7,84109314605.0,16931,-1172.0,-6.5,9847181,357.0,640.0,26.4546875,11.166718798873944,parasite
2019-07-12,5.0,5.0,0.0,OLD,20183782.0,기생충,2019-05-30,129261750.0,3.1,11398900.0,9.7,84238576355.0,17159,228.0,1.3,9864340,360.0,630.0,27.236507936507937,11.260556771973723,parasite
2019-07-13,7.0,7.0,-2.0,OLD,20183782.0,기생충,2019-05-30,198468390.0,2.0,69206640.0,53.5,84437044745.0,24302,7143.0,41.6,9888642,314.0,522.0,46.55555555555556,9.821707851110416,parasite
2019-07-14,7.0,7.0,0.0,OLD,20183782.0,기생충,2019-05-30,179004980.0,2.0,-19463410.0,-9.8,84616049725.0,22806,-1496.0,-6.2,9911448,315.0,528.0,43.19318181818182,9.85298717547701,parasite
2019-07-15,5.0,5.0,2.0,OLD,20183782.0,기생충,2019-05-30,100586800.0,4.3,-78418180.0,-43.8,84716636525.0,14650,-8156.0,-35.8,9926098,372.0,703.0,20.839260312944525,11.63590866437285,parasite
2019-07-16,5.0,5.0,0.0,OLD,20183782.0,기생충,2019-05-30,104922730.0,4.5,4335930.0,4.3,84821559255.0,15950,1300.0,8.9,9942048,374.0,712.0,22.401685393258425,11.698467313106036,parasite
2019-07-17,6.0,6.0,-1.0,OLD,20183782.0,기생충,2019-05-30,50931020.0,1.2,-53991710.0,-51.5,84872490275.0,7886,-8064.0,-50.6,9949934,195.0,317.0,24.876971608832807,6.099468251485768,parasite
2019-07-18,5.0,5.0,1.0,OLD,20183782.0,기생충,2019-05-30,55429630.0,1.5,4498610.0,8.8,84927919905.0,8446,560.0,7.1,9958380,196.0,305.0,27.691803278688525,6.130747575852362,parasite
2019-07-19,5.0,5.0,0.0,OLD,20183782.0,기생충,2019-05-30,70737160.0,1.4,15307530.0,27.6,84998657065.0,9641,1195.0,14.1,9968021,192.0,308.0,31.301948051948052,6.005630278385987,parasite
2019-07-20,5.0,5.0,0.0,OLD,20183782.0,기생충,2019-05-30,90959090.0,0.8,20221930.0,28.6,85089616155.0,11766,2125.0,22.0,9979787,154.0,227.0,51.83259911894273,4.817015952455427,parasite
2019-07-21,5.0,5.0,0.0,OLD,20183782.0,기생충,2019-05-30,89627790.0,0.9,-1331300.0,-1.5,85179243945.0,11669,-97.0,-0.8,9991456,170.0,243.0,48.02057613168724,5.317485142320926,parasite
2019-07-22,5.0,5.0,0.0,OLD,20183782.0,기생충,2019-05-30,60945700.0,2.1,-28682090.0,-32.0,85240189645.0,7503,-4166.0,-35.7,9998959,205.0,372.0,20.169354838709676,6.412261495151705,parasite
2019-07-23,5.0,5.0,0.0,OLD,20183782.0,기생충,2019-05-30,69271400.0,2.5,8325700.0,13.7,85309461045.0,8675,1172.0,15.6,10007634,212.0,384.0,22.591145833333332,6.631216765717861,parasite
2019-07-24,10.0,10.0,-5.0,OLD,20183782.0,기생충,2019-05-30,23193780.0,0.6,-46077620.0,-66.5,85332654825.0,2865,-5810.0,-67.0,10010499,78.0,118.0,24.279661016949152,2.439787300594307,parasite
2019-07-25,10.0,10.0,0.0,OLD,20183782.0,기생충,2019-05-30,27834380.0,0.8,4640600.0,20.0,85360489205.0,3398,533.0,18.6,10013897,83.0,126.0,26.96825396825397,2.596183922427276,parasite
2019-07-26,9.0,9.0,1.0,OLD,20183782.0,기생충,2019-05-30,35740260.0,0.8,7905880.0,28.4,85396229465.0,3879,481.0,14.2,10017776,94.0,140.0,27.707142857142856,2.9402564904598063,parasite
2019-07-27,9.0,9.0,0.0,OLD,20183782.0,기생충,2019-05-30,62986240.0,0.7,27245980.0,76.2,85459215705.0,6879,3000.0,77.3,10024655,94.0,151.0,45.556291390728475,2.9402564904598063,parasite
2019-07-28,9.0,9.0,0.0,OLD,20183782.0,기생충,2019-05-30,63485090.0,0.8,498850.0,0.8,85522700795.0,7326,447.0,6.5,10031981,99.0,160.0,45.7875,3.0966531122927745,parasite
2019-07-29,10.0,10.0,-1.0,OLD,20183782.0,기생충,2019-05-30,42881570.0,1.1,-20603520.0,-32.5,85565582365.0,5161,-2165.0,-29.6,10037142,112.0,190.0,27.16315789473684,3.5032843290584923,parasite
2019-07-30,,,,,,,,37762867.5,,,,,4504,,,10041646,94.25,162.5,27.716923076923077,2.9480763215514543,parasite
2019-07-31,,,,,,,,32644165.0,,,,,3846,,,10045492,76.5,135.0,28.488888888888887,2.3928683140444167,parasite
2019-08-01,,,,,,,,27525462.5,,,,,3188,,,10048680,58.75,107.5,29.655813953488373,1.8376603065373789,parasite
2019-08-02,9.0,9.0,2.0,OLD,20183782.0,기생충,2019-05-30,22406760.0,0.3,3820890.0,20.6,85662768245.0,2531,226.0,9.8,10051211,41.0,80.0,31.6375,1.282452299030341,parasite
2019-08-03,9.0,9.0,0.0,OLD,20183782.0,기생충,2019-05-30,31308840.0,0.2,8902080.0,39.7,85694077085.0,3483,952.0,37.6,10054694,51.0,84.0,41.464285714285715,1.595245542696278,parasite
2019-08-04,9.0,9.0,0.0,OLD,20183782.0,기생충,2019-05-30,25778470.0,0.2,-5530370.0,-17.7,85719855555.0,2923,-560.0,-16.1,10057617,57.0,87.0,33.59770114942529,1.78292148889584,parasite
2014-07-30,1.0,1.0,4.0,OLD,20129370.0,명량,2014-07-30,4708879000.0,61.6,4649246000.0,7796.4,4881110000.0,682701,674628.0,8356.6,682701,1159.0,6147.0,111.06246949731576,50.67774376912987,myeongryang
2014-07-31,1.0,1.0,0.0,OLD,20129370.0,명량,2014-07-30,5243409900.0,59.5,534530900.0,11.4,10124519900.0,705070,22369.0,3.3,1387771,1202.0,6258.0,112.66698625759028,52.55793616090949,myeongryang
2014-08-01,1.0,1.0,0.0,OLD,20129370.0,명량,2014-07-30,6918410307.0,64.0,1675000407.0,31.9,17042930207.0,867437,162367.0,23.0,2255208,1300.0,6699.0,129.4875354530527,56.84302579798863,myeongryang
2014-08-02,1.0,1.0,0.0,OLD,20129370.0,명량,2014-07-30,9826541209.0,65.1,2908130902.0,42.0,26869471416.0,1232529,365092.0,42.1,3487737,1494.0,7605.0,162.0682445759369,65.32575426322693,myeongryang
2014-08-03,1.0,1.0,0.0,OLD,20129370.0,명량,2014-07-30,10031212500.0,67.5,204671291.0,2.1,36900683916.0,1257380,24851.0,2.0,4745117,1587.0,7963.0,157.90280045209093,69.39221687800612,myeongryang
2014-08-04,1.0,1.0,0.0,OLD,20129370.0,명량,2014-07-30,7455501400.0,73.1,-2575711100.0,-25.7,44356185316.0,990022,-267358.0,-21.3,5735139,1443.0,7551.0,131.11137597669182,63.09575863576738,myeongryang
2014-08-05,1.0,1.0,0.0,OLD,20129370.0,명량,2014-07-30,6511760400.0,73.1,-943741000.0,-12.7,50867945716.0,869153,-120869.0,-12.2,6604292,1507.0,7779.0,111.73068517804344,65.89418452120682,myeongryang
2014-08-06,1.0,1.0,0.0,OLD,20129370.0,명량,2014-07-30,5273445400.0,60.9,-1238315000.0,-19.0,56141391116.0,702887,-166266.0,-19.1,7307179,1221.0,6788.0,103.54846788450206,53.38871884564932,myeongryang
2014-08-07,1.0,1.0,0.0,OLD,20129370.0,명량,2014-07-30,4892511700.0,59.5,-380933700.0,-7.2,61033902816.0,652776,-50111.0,-7.1,7959955,1239.0,6776.0,96.33648170011806,54.17577612592916,myeongryang
2014-08-08,1.0,1.0,0.0,OLD,20129370.0,명량,2014-07-30,5493530692.0,59.1,601018992.0,12.3,66527433508.0,690123,37347.0,5.7,8650078,1278.0,7026.0,98.22416737830912,55.88106689986883,myeongryang
2014-08-09,1.0,1.0,0.0,OLD,20129370.0,명량,2014-07-30,8758739983.0,59.0,3265209291.0,59.4,75286173491.0,1101089,410966.0,59.5,9751167,1343.0,7453.0,147.73768952099826,58.723218189768254,myeongryang
2014-08-10,1.0,1.0,0.0,OLD,20129370.0,명량,2014-07-30,8225301600.0,58.4,-533438383.0,-6.1,83511475091.0,1032388,-68701.0,-6.2,10783555,1315.0,7267.0,142.06522636576304,57.4989068648885,myeongryang
2014-08-11,1.0,1.0,0.0,OLD,20129370.0,명량,2014-07-30,3924891200.0,57.6,-4300410400.0,-52.3,87436366291.0,526106,-506282.0,-49.0,11309661,1204.0,6607.0,79.62857575298925,52.64538696982947,myeongryang
2014-08-12,1.0,1.0,0.0,OLD,20129370.0,명량,2014-07-30,3287901500.0,52.7,-636989700.0,-16.2,90724267791.0,443817,-82289.0,-15.6,11753478,1224.0,6545.0,67.81008403361345,53.519895059029295,myeongryang
2014-08-13,1.0,1.0,0.0,OLD,20129370.0,명량,2014-07-30,2739598400.0,41.6,-548303100.0,-16.7,93463866191.0,368597,-75220.0,-16.9,12122075,935.0,5098.0,72.30227540211848,40.88325317009182,myeongryang
2014-08-14,1.0,1.0,0.0,OLD,20129370.0,명량,2014-07-30,3209749900.0,42.4,470151500.0,17.2,96673616091.0,430129,61532.0,16.7,12552204,949.0,5200.0,82.71711538461538,41.4954088325317,myeongryang
2014-08-15,1.0,1.0,0.0,OLD,20129370.0,명량,2014-07-30,5906928307.0,42.5,2697178407.0,84.0,102580544398.0,744256,314127.0,73.0,13296460,1013.0,5520.0,134.8289855072464,44.293834717971144,myeongryang
2014-08-16,1.0,1.0,0.0,OLD,20129370.0,명량,2014-07-30,5479483612.0,42.7,-427444695.0,-7.2,108060028010.0,682703,-61553.0,-8.3,13979163,1004.0,5507.0,123.97003813328492,43.90030607783122,myeongryang
2014-08-17,1.0,1.0,0.0,OLD,20129370.0,명량,2014-07-30,5061573600.0,43.0,-417910012.0,-7.6,113121601610.0,635573,-47130.0,-6.9,14614736,1002.0,5295.0,120.03267233238904,43.812855268911235,myeongryang
2014-08-18,1.0,1.0,0.0,OLD,20129370.0,명량,2014-07-30,1970129700.0,40.1,-3091443900.0,-61.1,115091731310.0,264378,-371195.0,-58.4,14879114,906.0,4753.0,55.6233957500526,39.61521644075208,myeongryang
2014-08-19,1.0,1.0,0.0,OLD,20129370.0,명량,2014-07-30,1706119200.0,37.4,-264010500.0,-13.4,116797850510.0,231697,-32681.0,-12.4,15110811,931.0,4694.0,49.36024712398807,40.70835155225186,myeongryang
2014-08-20,1.0,1.0,0.0,OLD,20129370.0,명량,2014-07-30,1283393400.0,32.1,-422725800.0,-24.8,118081243910.0,173159,-58538.0,-25.3,15283970,732.0,3597.0,48.139838754517655,32.0069960647136,myeongryang
2014-08-21,1.0,1.0,0.0,OLD,20129370.0,명량,2014-07-30,1218788300.0,31.4,-64605100.0,-5.0,119300032210.0,165149,-8010.0,-4.6,15449119,716.0,3463.0,47.68957551256136,31.30738959335374,myeongryang
2014-08-22,2.0,2.0,-1.0,OLD,20129370.0,명량,2014-07-30,1314220500.0,29.4,95432200.0,7.8,120614252710.0,166182,1033.0,0.6,15615301,723.0,3598.0,46.18732629238466,31.61346742457368,myeongryang
2014-08-23,2.0,2.0,0.0,OLD,20129370.0,명량,2014-07-30,2652884500.0,30.4,1338664000.0,101.9,123267137210.0,332537,166355.0,100.1,15947838,772.0,3839.0,86.62073456629331,33.75601224311325,myeongryang
2014-08-24,2.0,2.0,0.0,OLD,20129370.0,명량,2014-07-30,2434184900.0,29.7,-218699600.0,-8.2,125701322110.0,305504,-27033.0,-8.1,16253342,757.0,3669.0,83.26628509130553,33.10013117621338,myeongryang
2014-08-25,2.0,2.0,0.0,OLD,20129370.0,명량,2014-07-30,781387500.0,27.1,-1652797400.0,-67.9,126482709610.0,105306,-200198.0,-65.5,16358648,694.0,3309.0,31.82411604714415,30.345430695233933,myeongryang
2014-08-26,2.0,2.0,0.0,OLD,20129370.0,명량,2014-07-30,654846000.0,23.6,-126541500.0,-16.2,127137555610.0,89715,-15591.0,-14.8,16448363,702.0,3274.0,27.402260232131948,30.69523393091386,myeongryang
2014-08-27,2.0,2.0,0.0,OLD,20129370.0,명량,2014-07-30,556729000.0,19.9,-98117000.0,-15.0,127694284610.0,85270,-4445.0,-5.0,16533633,658.0,3011.0,28.319495184324143,28.771316134674247,myeongryang
2014-08-28,3.0,3.0,-1.0,OLD,20129370.0,명량,2014-07-30,434041700.0,14.0,-122687300.0,-22.0,128128326310.0,59758,-25512.0,-29.9,16593391,482.0,2148.0,27.82029795158287,21.075644949715784,myeongryang
2014-08-29,3.0,3.0,0.0,OLD,20129370.0,명량,2014-07-30,511350600.0,13.2,77308900.0,17.8,128639676910.0,66327,6569.0,11.0,16659718,482.0,2183.0,30.383417315620704,21.075644949715784,myeongryang
2014-08-30,3.0,3.0,0.0,OLD,20129370.0,명량,2014-07-30,1092613100.0,13.6,581262500.0,113.7,129732290010.0,137811,71484.0,107.8,16797529,488.0,2181.0,63.18707015130674,21.33799737647573,myeongryang
2014-08-31,3.0,3.0,0.0,OLD,20129370.0,명량,2014-07-30,1019603400.0,14.2,-73009700.0,-6.7,130751893410.0,129731,-8080.0,-5.9,16927260,495.0,2130.0,60.90657276995305,21.64407520769567,myeongryang
2014-09-01,4.0,4.0,-1.0,OLD,20129370.0,명량,2014-07-30,273418400.0,13.3,-746185000.0,-73.2,131025311810.0,36965,-92766.0,-71.5,16964225,446.0,2019.0,18.308568598315997,19.5015303891561,myeongryang
2014-09-02,4.0,4.0,0.0,OLD,20129370.0,명량,2014-07-30,234135700.0,12.2,-39282700.0,-14.4,131259447510.0,31924,-5041.0,-13.6,16996149,440.0,1970.0,16.20507614213198,19.239177962396152,myeongryang
2014-09-03,8.0,8.0,-4.0,OLD,20129370.0,명량,2014-07-30,116426900.0,2.5,-117708800.0,-50.3,131375874410.0,16146,-15778.0,-49.4,17012295,253.0,591.0,27.31979695431472,11.062527328377788,myeongryang
2014-09-04,8.0,8.0,0.0,OLD,20129370.0,명량,2014-07-30,95108700.0,2.6,-21318200.0,-18.3,131470983110.0,13135,-3011.0,-18.6,17025430,231.0,509.0,25.80550098231827,10.10056843025798,myeongryang
2014-09-05,8.0,8.0,0.0,OLD,20129370.0,명량,2014-07-30,136853900.0,2.5,41745200.0,43.9,131607837010.0,17635,4500.0,34.3,17043065,233.0,505.0,34.92079207920792,10.188019239177962,myeongryang
2014-09-06,8.0,8.0,0.0,OLD,20129370.0,명량,2014-07-30,335541800.0,3.3,198687900.0,145.2,131943378810.0,44249,26614.0,150.9,17087314,290.0,590.0,74.99830508474577,12.680367293397463,myeongryang
2014-09-07,7.0,7.0,1.0,OLD,20129370.0,명량,2014-07-30,417974800.0,4.5,82433000.0,24.6,132361353610.0,54182,9933.0,22.4,17141496,333.0,656.0,82.59451219512195,14.560559685177088,myeongryang
2014-09-08,7.0,7.0,0.0,OLD,20129370.0,명량,2014-07-30,636966300.0,5.4,218991500.0,52.4,132998319910.0,81812,27630.0,51.0,17223308,394.0,795.0,102.90817610062894,17.227809357236552,myeongryang
2014-09-09,7.0,7.0,0.0,OLD,20129370.0,명량,2014-07-30,780384300.0,5.5,143418000.0,22.5,133778704210.0,103651,21839.0,26.7,17326959,459.0,931.0,111.33297529538132,20.069960647135986,myeongryang
2014-09-10,7.0,7.0,0.0,OLD,20129370.0,명량,2014-07-30,605102700.0,5.5,-175281600.0,-22.5,134383806910.0,83192,-20459.0,-19.7,17410151,448.0,930.0,89.45376344086021,19.588981198076084,myeongryang
2014-09-11,8.0,8.0,-1.0,OLD,20129370.0,명량,2014-07-30,111185700.0,3.8,-493917000.0,-81.6,134494992610.0,15515,-67677.0,-81.4,17425666,216.0,495.0,31.343434343434343,9.44468736335811,myeongryang
2014-09-12,9.0,9.0,-1.0,OLD,20129370.0,명량,2014-07-30,102426900.0,2.9,-8758800.0,-7.9,134597419510.0,13334,-2181.0,-14.1,17439000,240.0,528.0,25.25378787878788,10.4940970703979,myeongryang
2014-09-13,8.0,8.0,1.0,OLD,20129370.0,명량,2014-07-30,228217700.0,3.2,125790800.0,122.8,134825637210.0,28869,15535.0,116.5,17467869,277.0,632.0,45.67879746835443,12.111937035417576,myeongryang
2014-09-14,8.0,8.0,0.0,OLD,20129370.0,명량,2014-07-30,228501000.0,3.7,283300.0,0.1,135054138210.0,29038,169.0,0.6,17496907,279.0,607.0,47.83855024711697,12.19938784433756,myeongryang
2014-09-15,8.0,8.0,0.0,OLD,20129370.0,명량,2014-07-30,56847100.0,3.2,-171653900.0,-75.1,135110985310.0,7888,-21150.0,-72.8,17504795,246.0,563.0,14.010657193605685,10.756449497157847,myeongryang
2014-09-16,7.0,7.0,1.0,OLD,20129370.0,명량,2014-07-30,75447800.0,4.3,18600700.0,32.7,135186433110.0,10203,2315.0,29.3,17514998,259.0,578.0,17.652249134948097,11.324879755137736,myeongryang
2014-09-17,8.0,8.0,-1.0,OLD,20129370.0,명량,2014-07-30,57908100.0,3.4,-17539700.0,-23.2,135244341210.0,8347,-1856.0,-18.2,17523345,256.0,570.0,14.643859649122806,11.19370354175776,myeongryang
2014-09-18,10.0,10.0,-2.0,OLD,20129370.0,명량,2014-07-30,32181700.0,1.5,-25726400.0,-44.4,135276522910.0,4548,-3799.0,-45.5,17527893,170.0,332.0,13.698795180722891,7.433318758198514,myeongryang
2014-09-19,,,,,,,,51466600.0,,,,,6700,,,17534593,171.0,332.5,20.150375939849624,7.477044162658504,myeongryang
2014-09-20,10.0,10.0,1.0,OLD,20129370.0,명량,2014-07-30,70751500.0,1.3,35313000.0,99.6,135382712910.0,8851,4177.0,89.4,17543444,172.0,333.0,26.57957957957958,7.520769567118496,myeongryang
2014-09-21,10.0,10.0,0.0,OLD,20129370.0,명량,2014-07-30,75052600.0,1.5,4301100.0,6.1,135457765510.0,9503,652.0,7.4,17552947,170.0,328.0,28.972560975609756,7.433318758198514,myeongryang
2014-09-22,10.0,10.0,0.0,OLD,20129370.0,명량,2014-07-30,23118900.0,1.5,-51933700.0,-69.2,135480884410.0,3175,-6328.0,-66.6,17556122,159.0,312.0,10.176282051282053,6.952339309138609,myeongryang
2014-09-23,10.0,10.0,0.0,OLD,20129370.0,명량,2014-07-30,21410300.0,1.4,-1708600.0,-7.4,135502294710.0,3020,-155.0,-4.9,17559142,159.0,306.0,9.869281045751634,6.952339309138609,myeongryang
2014-09-24,10.0,10.0,0.0,OLD,20129370.0,명량,2014-07-30,26831000.0,1.4,5420700.0,25.3,135529125710.0,3992,972.0,32.2,17563134,164.0,318.0,12.553459119496855,7.170966331438566,myeongryang
2015-09-16,1.0,1.0,38.0,OLD,20148846.0,사도,2015-09-16,1876614700.0,56.9,1875522700.0,171751.2,1989663700.0,250237,250081.0,160308.3,250237,1123.0,6108.0,40.96872953503602,46.32838283828383,sado
2015-09-17,1.0,1.0,0.0,OLD,20148846.0,사도,2015-09-16,1674687200.0,53.9,-201927500.0,-10.8,3664350900.0,223381,-26856.0,-10.7,473618,1190.0,6447.0,34.64882891267256,49.09240924092409,sado
2015-09-18,1.0,1.0,0.0,OLD,20148846.0,사도,2015-09-16,2262167824.0,51.0,587480624.0,35.1,5926518724.0,281969,58588.0,26.2,755587,1203.0,6661.0,42.3313316318871,49.62871287128713,sado
2015-09-19,1.0,1.0,0.0,OLD,20148846.0,사도,2015-09-16,4415344655.0,50.2,2153176831.0,95.2,10341863379.0,543047,261078.0,92.6,1298634,1210.0,6948.0,78.15875071963156,49.91749174917492,sado
2015-09-20,1.0,1.0,0.0,OLD,20148846.0,사도,2015-09-16,4024137100.0,50.8,-391207555.0,-8.9,14366000479.0,497421,-45626.0,-8.4,1796055,1205.0,6718.0,74.04301875558203,49.71122112211221,sado
2015-09-21,1.0,1.0,0.0,OLD,20148846.0,사도,2015-09-16,1127837200.0,51.7,-2896299900.0,-72.0,15493837679.0,150543,-346878.0,-69.7,1946598,1146.0,6235.0,24.144827586206898,47.277227722772274,sado
2015-09-22,1.0,1.0,0.0,OLD,20148846.0,사도,2015-09-16,1076471300.0,51.5,-51365900.0,-4.6,16570308979.0,144379,-6164.0,-4.1,2090977,1153.0,6215.0,23.230732099758647,47.56600660066007,sado
2015-09-23,1.0,1.0,0.0,OLD,20148846.0,사도,2015-09-16,1047686100.0,48.4,-28785200.0,-2.7,17617995079.0,140417,-3962.0,-2.7,2231394,1137.0,6135.0,22.887856560717196,46.9059405940594,sado
2015-09-24,1.0,1.0,0.0,OLD,20148846.0,사도,2015-09-16,884132400.0,29.6,-163553700.0,-15.6,18502127479.0,118066,-22351.0,-15.9,2349460,809.0,3937.0,29.988823977647954,33.37458745874587,sado
2015-09-25,1.0,1.0,0.0,OLD,20148846.0,사도,2015-09-16,1895461591.0,33.9,1011329191.0,114.4,20397589070.0,236352,118286.0,100.2,2585812,832.0,4184.0,56.489483747609945,34.32343234323432,sado
2015-09-26,1.0,1.0,0.0,OLD,20148846.0,사도,2015-09-16,3409102296.0,36.6,1513640705.0,79.9,23806691366.0,418464,182112.0,77.1,3004276,882.0,4628.0,90.42005185825413,36.386138613861384,sado
2015-09-27,1.0,1.0,0.0,OLD,20148846.0,사도,2015-09-16,4741948400.0,38.6,1332846104.0,39.1,28548639766.0,571788,153324.0,36.6,3576064,927.0,4716.0,121.2442748091603,38.242574257425744,sado
2015-09-28,1.0,1.0,0.0,OLD,20148846.0,사도,2015-09-16,5379094500.0,36.5,637146100.0,13.4,33927734266.0,671413,99625.0,17.4,4247477,934.0,4760.0,141.0531512605042,38.53135313531354,sado
2015-09-29,1.0,1.0,0.0,OLD,20148846.0,사도,2015-09-16,4162831800.0,33.6,-1216262700.0,-22.6,38090566066.0,527850,-143563.0,-21.4,4775327,914.0,4566.0,115.60446780551904,37.70627062706271,sado
2015-09-30,1.0,1.0,0.0,OLD,20148846.0,사도,2015-09-16,1139431100.0,29.0,-3023400700.0,-72.6,39229997166.0,175627,-352223.0,-66.7,4950954,778.0,3789.0,46.351807864872,32.0957095709571,sado
2015-10-01,1.0,1.0,0.0,OLD,20148846.0,사도,2015-09-16,675674000.0,26.6,-463757100.0,-40.7,39905671166.0,113073,-62554.0,-35.6,5064027,778.0,3729.0,30.32260659694288,32.0957095709571,sado
2015-10-02,1.0,1.0,0.0,OLD,20148846.0,사도,2015-09-16,867308221.0,25.1,191634221.0,28.4,40772979387.0,111232,-1841.0,-1.6,5175259,767.0,3768.0,29.520169851380043,31.64191419141914,sado
2015-10-03,2.0,2.0,-1.0,OLD,20148846.0,사도,2015-09-16,1716961414.0,24.0,849653193.0,98.0,42489940801.0,214853,103621.0,93.2,5390112,752.0,3815.0,56.317955439056355,31.02310231023102,sado
2015-10-04,3.0,3.0,-1.0,OLD,20148846.0,사도,2015-09-16,1326648300.0,22.5,-390313114.0,-22.7,43816589101.0,166432,-48421.0,-22.5,5556544,750.0,3634.0,45.79856906989543,30.94059405940594,sado
2015-10-05,2.0,2.0,1.0,OLD,20148846.0,사도,2015-09-16,382457300.0,21.6,-944191000.0,-71.2,44199046401.0,51977,-114455.0,-68.8,5608521,703.0,3398.0,15.29635079458505,29.0016501650165,sado
2015-10-06,3.0,3.0,-1.0,OLD,20148846.0,사도,2015-09-16,373174500.0,20.6,-9282800.0,-2.4,44572220901.0,51347,-630.0,-1.2,5659868,732.0,3356.0,15.30005959475566,30.1980198019802,sado
2015-10-07,3.0,3.0,0.0,OLD,20148846.0,사도,2015-09-16,371030200.0,19.3,-2144300.0,-0.6,44943251101.0,51419,72.0,0.1,5711287,721.0,3294.0,15.60989678202793,29.744224422442244,sado
2015-10-08,4.0,4.0,-1.0,OLD,20148846.0,사도,2015-09-16,324542400.0,7.5,-46487800.0,-12.5,45267793501.0,45381,-6038.0,-11.7,5756668,416.0,1322.0,34.32753403933434,17.16171617161716,sado
2015-10-09,4.0,4.0,0.0,OLD,20148846.0,사도,2015-09-16,685383900.0,7.4,360841500.0,111.2,45953177401.0,89114,43733.0,96.4,5845782,429.0,1312.0,67.92225609756098,17.698019801980198,sado
2015-10-10,4.0,4.0,0.0,OLD,20148846.0,사도,2015-09-16,649553200.0,7.1,-35830700.0,-5.2,46602730601.0,82707,-6407.0,-7.2,5928489,471.0,1335.0,61.95280898876405,19.43069306930693,sado
2015-10-11,4.0,4.0,0.0,OLD,20148846.0,사도,2015-09-16,549382300.0,7.0,-100170900.0,-15.4,47152112901.0,70089,-12618.0,-15.3,5998578,464.0,1303.0,53.79048349961627,19.141914191419144,sado
2015-10-12,4.0,4.0,0.0,OLD,20148846.0,사도,2015-09-16,150986800.0,6.9,-398395500.0,-72.5,47303099701.0,21088,-49001.0,-69.9,6019666,413.0,1309.0,16.110007639419404,17.037953795379536,sado
2015-10-13,4.0,4.0,0.0,OLD,20148846.0,사도,2015-09-16,147798700.0,7.1,-3188100.0,-2.1,47450898401.0,21038,-50.0,-0.2,6040704,416.0,1297.0,16.220508866615265,17.16171617161716,sado
2015-10-14,4.0,4.0,0.0,OLD,20148846.0,사도,2015-09-16,123446500.0,6.3,-24352200.0,-16.5,47574344901.0,21457,419.0,2.0,6062161,424.0,1298.0,16.53081664098613,17.491749174917494,sado
2015-10-15,5.0,5.0,-1.0,OLD,20148846.0,사도,2015-09-16,106527100.0,5.0,-16919400.0,-13.7,47680872001.0,15047,-6410.0,-29.9,6077208,354.0,873.0,17.235967926689575,14.603960396039604,sado
2015-10-16,6.0,6.0,-1.0,OLD,20148846.0,사도,2015-09-16,135826800.0,4.1,29299700.0,27.5,47816698801.0,18033,2986.0,19.8,6095241,356.0,888.0,20.30743243243243,14.686468646864686,sado
2015-10-17,6.0,6.0,0.0,OLD,20148846.0,사도,2015-09-16,270677600.0,4.4,134850800.0,99.3,48087376401.0,34209,16176.0,89.7,6129450,371.0,954.0,35.85849056603774,15.305280528052808,sado
2015-10-18,5.0,5.0,1.0,OLD,20148846.0,사도,2015-09-16,245508600.0,4.5,-25169000.0,-9.3,48332885001.0,31572,-2637.0,-7.7,6161022,362.0,922.0,34.24295010845987,14.933993399339936,sado
2015-10-19,6.0,6.0,-1.0,OLD,20148846.0,사도,2015-09-16,76655100.0,4.8,-168853500.0,-68.8,48409540101.0,10650,-20922.0,-66.3,6171672,352.0,888.0,11.993243243243244,14.521452145214525,sado
2015-10-20,4.0,4.0,2.0,OLD,20148846.0,사도,2015-09-16,76513700.0,4.9,-141400.0,-0.2,48486053801.0,11099,449.0,4.2,6182771,360.0,863.0,12.860950173812284,14.85148514851485,sado
2015-10-21,4.0,4.0,0.0,OLD,20148846.0,사도,2015-09-16,76315000.0,4.7,-198700.0,-0.3,48562368801.0,10905,-194.0,-1.7,6193676,357.0,859.0,12.69499417927823,14.727722772277229,sado
2015-10-22,7.0,7.0,-3.0,OLD,20148846.0,사도,2015-09-16,24106800.0,1.0,-52208200.0,-68.4,48586475601.0,3557,-7348.0,-67.4,6197233,102.0,173.0,20.560693641618496,4.207920792079208,sado
2015-10-23,7.0,7.0,0.0,OLD,20148846.0,사도,2015-09-16,31453600.0,0.9,7346800.0,30.5,48617929201.0,4322,765.0,21.5,6201555,106.0,179.0,24.14525139664805,4.372937293729374,sado
2015-10-24,7.0,7.0,0.0,OLD,20148846.0,사도,2015-09-16,52978300.0,0.8,21524700.0,68.4,48670907501.0,6651,2329.0,53.9,6208206,113.0,188.0,35.37765957446808,4.661716171617162,sado
2015-10-25,7.0,7.0,0.0,OLD,20148846.0,사도,2015-09-16,49782600.0,0.9,-3195700.0,-6.0,48720690101.0,6389,-262.0,-3.9,6214595,115.0,192.0,33.276041666666664,4.744224422442244,sado
2015-10-26,7.0,7.0,0.0,OLD,20148846.0,사도,2015-09-16,18507300.0,1.1,-31275300.0,-62.8,48739197401.0,2597,-3792.0,-59.4,6217192,103.0,195.0,13.31794871794872,4.249174917491749,sado
2015-10-27,7.0,7.0,0.0,OLD,20148846.0,사도,2015-09-16,20820200.0,1.2,2312900.0,12.5,48760017601.0,2984,387.0,14.9,6220176,109.0,195.0,15.302564102564103,4.496699669966997,sado
2026-02-04,1.0,1.0,10.0,OLD,20242837.0,왕과 사는 남자,2026-02-04,1076238210.0,50.8,1052527210.0,4439.0,1365519680.0,117783,115173.0,4412.8,117783,1658.0,6932.0,16.991200230813618,47.37142857142857,the_kings_garden
2026-02-05,1.0,1.0,0.0,OLD,20242837.0,왕과 사는 남자,2026-02-04,831148510.0,45.5,-245089700.0,-22.8,2196668190.0,91731,-26052.0,-22.1,209514,1612.0,6723.0,13.644355198572066,46.05714285714286,the_kings_garden
2026-02-06,1.0,1.0,0.0,OLD,20242837.0,왕과 사는 남자,2026-02-04,1203723060.0,53.2,372574550.0,44.8,3400391250.0,126625,34894.0,38.0,336139,1653.0,7152.0,17.704837807606264,47.22857142857143,the_kings_garden
2026-02-07,1.0,1.0,0.0,OLD,20242837.0,왕과 사는 남자,2026-02-04,3145705860.0,60.3,1941982800.0,161.3,6546097110.0,327112,200487.0,158.3,663251,1717.0,7714.0,42.404977962146745,49.05714285714286,the_kings_garden
2026-02-08,1.0,1.0,0.0,OLD,20242837.0,왕과 사는 남자,2026-02-04,2941919760.0,58.1,-203786100.0,-6.5,9488016870.0,308083,-19029.0,-5.8,971334,1724.0,7292.0,42.24945145364784,49.25714285714285,the_kings_garden
2026-02-09,1.0,1.0,0.0,OLD,20242837.0,왕과 사는 남자,2026-02-04,908223980.0,57.7,-2033695780.0,-69.1,10396240850.0,98379,-209704.0,-68.1,1069713,1530.0,6494.0,15.149214659685864,43.714285714285715,the_kings_garden
2026-02-10,1.0,1.0,0.0,OLD,20242837.0,왕과 사는 남자,2026-02-04,878997090.0,55.8,-29226890.0,-3.2,11275237940.0,95582,-2797.0,-2.8,1165295,1536.0,6557.0,14.577093182858016,43.885714285714286,the_kings_garden
2026-02-11,2.0,2.0,-1.0,OLD,20242837.0,왕과 사는 남자,2026-02-04,811327260.0,30.9,-67669830.0,-7.7,12086565200.0,86924,-8658.0,-9.1,1252219,1150.0,4203.0,20.681418034737092,32.857142857142854,the_kings_garden
2026-02-12,1.0,1.0,1.0,OLD,20242837.0,왕과 사는 남자,2026-02-04,775585340.0,35.9,-35741920.0,-4.4,12862150540.0,83916,-3008.0,-3.5,1336135,1206.0,4331.0,19.37566381897945,34.457142857142856,the_kings_garden
2026-02-13,1.0,1.0,0.0,OLD,20242837.0,왕과 사는 남자,2026-02-04,1295622220.0,44.2,520036880.0,67.1,14157772760.0,133573,49657.0,59.2,1469708,1420.0,5369.0,24.87856211585025,40.57142857142857,the_kings_garden
2026-02-14,1.0,1.0,0.0,OLD,20242837.0,왕과 사는 남자,2026-02-04,3489757500.0,53.3,2194135280.0,169.3,17647530260.0,357886,224313.0,167.9,1827594,1729.0,6851.0,52.23850532768939,49.4,the_kings_garden
2026-02-15,1.0,1.0,0.0,OLD,20242837.0,왕과 사는 남자,2026-02-04,4549655530.0,59.2,1059898030.0,30.4,22197185790.0,465257,107371.0,30.0,2292851,1836.0,7248.0,64.19108719646799,52.457142857142856,the_kings_garden
2026-02-16,1.0,1.0,0.0,OLD,20242837.0,왕과 사는 남자,2026-02-04,5301151370.0,64.6,751495840.0,16.5,27498337160.0,537175,71918.0,15.5,2830026,1899.0,7804.0,68.83329062019477,54.25714285714286,the_kings_garden
2026-02-17,1.0,1.0,0.0,OLD,20242837.0,왕과 사는 남자,2026-02-04,6574680470.0,67.2,1273529100.0,24.0,34073017630.0,661441,124266.0,23.1,3491467,2010.0,8341.0,79.29996403308955,57.42857142857143,the_kings_garden
2026-02-18,1.0,1.0,0.0,OLD,20242837.0,왕과 사는 남자,2026-02-04,6353627930.0,65.0,-221052540.0,-3.4,40426645560.0,653635,-7806.0,-1.2,4145102,2017.0,8045.0,81.24735860783095,57.628571428571426,the_kings_garden
2026-02-19,1.0,1.0,0.0,OLD,20242837.0,왕과 사는 남자,2026-02-04,2231556760.0,65.8,-4122071170.0,-64.9,42658202320.0,239783,-413852.0,-63.3,4384885,1607.0,6521.0,36.77089403465726,45.91428571428571,the_kings_garden
2026-02-20,1.0,1.0,0.0,OLD,20242837.0,왕과 사는 남자,2026-02-04,2586379530.0,69.9,354822770.0,15.9,45244581850.0,264715,24932.0,10.4,4649600,1771.0,7277.0,36.37694104713481,50.6,the_kings_garden
2026-02-21,1.0,1.0,0.0,OLD,20242837.0,왕과 사는 남자,2026-02-04,5691833080.0,74.3,3105453550.0,120.1,50936414930.0,581160,316445.0,119.5,5230760,2106.0,9006.0,64.53031312458361,60.17142857142858,the_kings_garden
2026-02-22,1.0,1.0,0.0,OLD,20242837.0,왕과 사는 남자,2026-02-04,5554161750.0,75.1,-137671330.0,-2.4,56490576680.0,568289,-12871.0,-2.2,5799049,2142.0,8689.0,65.4032685004028,61.2,the_kings_garden
2026-02-23,1.0,1.0,0.0,OLD,20242837.0,왕과 사는 남자,2026-02-04,1842041690.0,73.0,-3712120060.0,-66.8,58332618370.0,195474,-372815.0,-65.6,5994523,1756.0,7273.0,26.876667124982813,50.17142857142856,the_kings_garden
2026-02-24,1.0,1.0,0.0,OLD,20242837.0,왕과 사는 남자,2026-02-04,1827099870.0,74.4,-14941820.0,-0.8,60159718240.0,194638,-836.0,-0.4,6189161,1778.0,7331.0,26.54999317964807,50.8,the_kings_garden
2026-02-25,1.0,1.0,0.0,OLD,20242837.0,왕과 사는 남자,2026-02-04,2417920910.0,73.2,590821040.0,32.3,62577639150.0,309574,114936.0,59.1,6498735,1937.0,7497.0,41.29305055355476,55.34285714285714,the_kings_garden
2026-02-26,1.0,1.0,0.0,OLD,20242837.0,왕과 사는 남자,2026-02-04,1934801520.0,73.2,-483119390.0,-20.0,64512440670.0,204929,-104645.0,-33.8,6703664,1803.0,7335.0,27.938513974096796,51.51428571428571,the_kings_garden
2026-02-27,1.0,1.0,0.0,OLD,20242837.0,왕과 사는 남자,2026-02-04,2758081920.0,76.9,823280400.0,42.6,67270522590.0,278059,73130.0,35.7,6981723,1932.0,8039.0,34.588754820251275,55.2,the_kings_garden
2026-02-28,1.0,1.0,0.0,OLD,20242837.0,왕과 사는 남자,2026-02-04,6472569500.0,82.6,3714487580.0,134.7,73743092090.0,655719,377660.0,135.8,7637442,2165.0,9758.0,67.19809387169502,61.857142857142854,the_kings_garden
2026-03-01,1.0,1.0,0.0,OLD,20242837.0,왕과 사는 남자,2026-02-04,8012533100.0,83.5,1539963600.0,23.8,81755625190.0,817185,161466.0,24.6,8454627,2170.0,9709.0,84.16778246987332,62.0,the_kings_garden
2026-03-02,1.0,1.0,0.0,OLD,20242837.0,왕과 사는 남자,2026-02-04,7031374220.0,83.4,-981158880.0,-12.2,88786999410.0,728928,-88257.0,-10.8,9183555,2150.0,9322.0,78.1943788886505,61.42857142857143,the_kings_garden
2026-03-03,1.0,1.0,0.0,OLD,20242837.0,왕과 사는 남자,2026-02-04,1820225790.0,83.4,-5211148430.0,-74.1,90607225200.0,194476,-534452.0,-73.3,9378031,1800.0,7489.0,25.968220056082252,51.42857142857142,the_kings_garden
2026-03-04,1.0,1.0,0.0,OLD,20242837.0,왕과 사는 남자,2026-02-04,1768419810.0,74.0,-51805980.0,-2.8,92375645010.0,189639,-4837.0,-2.5,9567670,1633.0,6464.0,29.337716584158414,46.65714285714286,the_kings_garden
2026-03-05,1.0,1.0,0.0,OLD,20242837.0,왕과 사는 남자,2026-02-04,1676059780.0,77.2,-92360030.0,-5.2,94051704790.0,180530,-9109.0,-4.8,9748200,1697.0,6654.0,27.131048993086864,48.48571428571429,the_kings_garden
2026-03-06,1.0,1.0,0.0,OLD,20242837.0,왕과 사는 남자,2026-02-04,2659757720.0,80.4,983697940.0,58.7,96711462510.0,271745,91215.0,50.5,10019945,1881.0,7684.0,35.36504424778761,53.74285714285715,the_kings_garden
2026-03-07,1.0,1.0,0.0,OLD,20242837.0,왕과 사는 남자,2026-02-04,7435215890.0,80.4,4775458170.0,179.5,104146678400.0,754523,482778.0,177.7,10774468,2171.0,9535.0,79.13193497640273,62.02857142857143,the_kings_garden
2026-03-08,1.0,1.0,0.0,OLD,20242837.0,왕과 사는 남자,2026-02-04,6865622080.0,80.2,-569593810.0,-7.7,111012300480.0,699461,-55062.0,-7.3,11473929,2187.0,9211.0,75.93757463901856,62.48571428571429,the_kings_garden
2026-03-09,1.0,1.0,0.0,OLD,20242837.0,왕과 사는 남자,2026-02-04,1903685490.0,83.9,-4961936590.0,-72.3,112915985970.0,203140,-496321.0,-71.0,11677069,1816.0,7356.0,27.61555193039695,51.88571428571429,the_kings_garden
2026-03-10,1.0,1.0,0.0,OLD,20242837.0,왕과 사는 남자,2026-02-04,1649376360.0,80.7,-254309130.0,-13.4,114565362330.0,177180,-25960.0,-12.8,11854249,1860.0,7464.0,23.737942122186496,53.142857142857146,the_kings_garden
2026-03-11,1.0,1.0,0.0,OLD,20242837.0,왕과 사는 남자,2026-02-04,1589244240.0,73.8,-60132120.0,-3.6,116154606570.0,171424,-5756.0,-3.2,12025673,1934.0,7926.0,21.62805955084532,55.25714285714286,the_kings_garden
2026-03-12,1.0,1.0,0.0,OLD,20242837.0,왕과 사는 남자,2026-02-04,1475756440.0,76.4,-113487800.0,-7.1,117630363010.0,158648,-12776.0,-7.5,12184321,1955.0,7839.0,20.238295700982267,55.85714285714286,the_kings_garden
2026-03-13,1.0,1.0,0.0,OLD,20242837.0,왕과 사는 남자,2026-02-04,2180385660.0,75.6,704629220.0,47.7,119810748670.0,221373,62725.0,39.5,12405694,2036.0,8880.0,24.929391891891893,58.17142857142857,the_kings_garden
2026-03-14,1.0,1.0,0.0,OLD,20242837.0,왕과 사는 남자,2026-02-04,5491568500.0,77.2,3311182840.0,151.9,125302317170.0,554183,332810.0,150.3,12959877,2262.0,10416.0,53.20497311827957,64.62857142857142,the_kings_garden
2026-03-15,1.0,1.0,0.0,OLD,20242837.0,왕과 사는 남자,2026-02-04,4706615640.0,75.7,-784952860.0,-14.3,130008932810.0,478141,-76042.0,-13.7,13438018,2223.0,9908.0,48.258074283407346,63.51428571428571,the_kings_garden
2026-03-16,1.0,1.0,0.0,OLD,20242837.0,왕과 사는 남자,2026-02-04,1264452430.0,79.8,-3442163210.0,-73.1,131273385240.0,133939,-344202.0,-72.0,13571957,1946.0,8102.0,16.531597136509504,55.60000000000001,the_kings_garden
2026-03-17,1.0,1.0,0.0,OLD,20242837.0,왕과 사는 남자,2026-02-04,1132758240.0,77.9,-131694190.0,-10.4,132406143480.0,120447,-13492.0,-10.1,13692404,1969.0,8121.0,14.83154783893609,56.25714285714286,the_kings_garden
2022-11-23,1.0,1.0,4.0,OLD,20227762.0,올빼미,2022-11-23,960455022.0,49.4,918704022.0,2200.4,1076882022.0,101581,96942.0,2089.7,101581,1381.0,5974.0,17.003850016739204,46.03333333333333,the_night_owl
2022-11-24,1.0,1.0,0.0,OLD,20227762.0,올빼미,2022-11-23,633449261.0,45.7,-327005761.0,-34.0,1710331283.0,66802,-34779.0,-34.2,168383,1380.0,5516.0,12.110587382160986,46.0,the_night_owl
2022-11-25,1.0,1.0,0.0,OLD,20227762.0,올빼미,2022-11-23,1236686621.0,54.6,603237360.0,95.2,2947017904.0,123176,56374.0,84.4,291559,1433.0,6281.0,19.610889985671072,47.766666666666666,the_night_owl
2022-11-26,1.0,1.0,0.0,OLD,20227762.0,올빼미,2022-11-23,2681554436.0,55.2,1444867815.0,116.8,5628572340.0,260517,137341.0,111.5,552076,1541.0,6978.0,37.33404987102322,51.366666666666674,the_night_owl
2022-11-27,1.0,1.0,0.0,OLD,20227762.0,올빼미,2022-11-23,2581825924.0,57.0,-99728512.0,-3.7,8210398264.0,252630,-7887.0,-3.0,804706,1533.0,6858.0,36.83727034120735,51.1,the_night_owl
2022-11-28,1.0,1.0,0.0,OLD,20227762.0,올빼미,2022-11-23,699243880.0,59.5,-1882582044.0,-72.9,8909642144.0,75324,-177306.0,-70.2,880030,1456.0,5758.0,13.081625564432095,48.53333333333333,the_night_owl
2022-11-29,1.0,1.0,0.0,OLD,20227762.0,올빼미,2022-11-23,907969712.0,59.3,208725832.0,29.9,9817611856.0,96636,21312.0,28.3,976666,1490.0,6400.0,15.099375,49.666666666666664,the_night_owl
2022-11-30,1.0,1.0,0.0,OLD,20227762.0,올빼미,2022-11-23,1073271998.0,32.9,165302286.0,18.2,10890883854.0,137667,41031.0,42.5,1114333,1269.0,4673.0,29.460089878022682,42.3,the_night_owl
2022-12-01,1.0,1.0,0.0,OLD,20227762.0,올빼미,2022-11-23,784952401.0,37.7,-288319597.0,-26.9,11675836255.0,83226,-54441.0,-39.5,1197559,1270.0,4672.0,17.81378424657534,42.333333333333336,the_night_owl
2022-12-02,1.0,1.0,0.0,OLD,20227762.0,올빼미,2022-11-23,941706790.0,42.4,156754389.0,20.0,12617543045.0,95842,12616.0,15.2,1293401,1359.0,4969.0,19.28798551016301,45.300000000000004,the_night_owl
2022-12-03,1.0,1.0,0.0,OLD,20227762.0,올빼미,2022-11-23,2419490790.0,46.9,1477784000.0,156.9,15037033835.0,235134,139292.0,145.3,1528535,1471.0,5995.0,39.221684737281066,49.03333333333333,the_night_owl
2022-12-04,1.0,1.0,0.0,OLD,20227762.0,올빼미,2022-11-23,2275330550.0,46.2,-144160240.0,-6.0,17312364385.0,222131,-13003.0,-5.5,1750666,1478.0,5915.0,37.55384615384615,49.266666666666666,the_night_owl
2022-12-05,1.0,1.0,0.0,OLD,20227762.0,올빼미,2022-11-23,650036614.0,47.8,-1625293936.0,-71.4,17962400999.0,68698,-153433.0,-69.1,1819364,1329.0,5259.0,13.062939722380682,44.3,the_night_owl
2022-12-06,1.0,1.0,0.0,OLD,20227762.0,올빼미,2022-11-23,644717442.0,45.6,-5319172.0,-0.8,18607118441.0,68722,24.0,0.0,1888086,1357.0,5289.0,12.993382491964455,45.233333333333334,the_night_owl
2022-12-07,1.0,1.0,0.0,OLD,20227762.0,올빼미,2022-11-23,707704742.0,41.8,62987300.0,9.8,19314823183.0,75018,6296.0,9.2,1963104,1337.0,5406.0,13.876803551609322,44.56666666666666,the_night_owl
2022-12-08,1.0,1.0,0.0,OLD,20227762.0,올빼미,2022-11-23,717271845.0,43.4,9567103.0,1.4,20032095028.0,75860,842.0,1.1,2038964,1336.0,5450.0,13.919266055045872,44.53333333333334,the_night_owl
2022-12-09,1.0,1.0,0.0,OLD,20227762.0,올빼미,2022-11-23,1014010417.0,48.5,296738572.0,41.4,21046105445.0,102532,26672.0,35.2,2141496,1446.0,5934.0,17.278732726659925,48.199999999999996,the_night_owl
2022-12-10,1.0,1.0,0.0,OLD,20227762.0,올빼미,2022-11-23,1983805832.0,48.4,969795415.0,95.6,23029911277.0,193220,90688.0,88.4,2334716,1479.0,6360.0,30.38050314465409,49.3,the_night_owl
2022-12-11,1.0,1.0,0.0,OLD,20227762.0,올빼미,2022-11-23,1774737473.0,45.7,-209068359.0,-10.5,24804648750.0,172792,-20428.0,-10.6,2507508,1462.0,6207.0,27.83824714032544,48.733333333333334,the_night_owl
2022-12-12,1.0,1.0,0.0,OLD,20227762.0,올빼미,2022-11-23,618090996.0,47.0,-1156646477.0,-65.2,25422739746.0,65260,-107532.0,-62.2,2572768,1414.0,5751.0,11.347591723178578,47.13333333333333,the_night_owl
2022-12-13,1.0,1.0,0.0,OLD,20227762.0,올빼미,2022-11-23,625543346.0,43.0,7452350.0,1.2,26048283092.0,66228,968.0,1.5,2638996,1441.0,5713.0,11.592508314370733,48.03333333333333,the_night_owl
2022-12-14,2.0,2.0,-1.0,OLD,20227762.0,올빼미,2022-11-23,310191475.0,6.3,-315351871.0,-50.4,26358474567.0,32251,-33977.0,-51.3,2671247,765.0,1610.0,20.03167701863354,25.5,the_night_owl
2022-12-15,2.0,2.0,0.0,OLD,20227762.0,올빼미,2022-11-23,323963932.0,7.7,13772457.0,4.4,26682438499.0,33683,1432.0,4.4,2704930,816.0,1657.0,20.327700663850333,27.200000000000003,the_night_owl
2022-12-16,2.0,2.0,0.0,OLD,20227762.0,올빼미,2022-11-23,459513485.0,7.6,135549553.0,41.8,27141951984.0,45812,12129.0,36.0,2750742,840.0,1747.0,26.22323983972524,28.000000000000004,the_night_owl
2022-12-17,2.0,2.0,0.0,OLD,20227762.0,올빼미,2022-11-23,702092042.0,5.8,242578557.0,52.8,27844044026.0,67545,21733.0,47.4,2818287,839.0,1668.0,40.49460431654676,27.96666666666667,the_night_owl
2022-12-18,2.0,2.0,0.0,OLD,20227762.0,올빼미,2022-11-23,640565549.0,5.6,-61526493.0,-8.8,28484609575.0,61860,-5685.0,-8.4,2880147,808.0,1626.0,38.04428044280443,26.93333333333333,the_night_owl
2022-12-19,2.0,2.0,0.0,OLD,20227762.0,올빼미,2022-11-23,272257353.0,7.0,-368308196.0,-57.5,28756866928.0,28385,-33475.0,-54.1,2908532,817.0,1728.0,16.42650462962963,27.23333333333333,the_night_owl
2022-12-20,2.0,2.0,0.0,OLD,20227762.0,올빼미,2022-11-23,295333210.0,7.7,23075857.0,8.5,29052200138.0,30777,2392.0,8.4,2939309,839.0,1765.0,17.437393767705384,27.96666666666667,the_night_owl
2022-12-21,3.0,3.0,-1.0,OLD,20227762.0,올빼미,2022-11-23,167530714.0,3.8,-127802496.0,-43.3,29219730852.0,17468,-13309.0,-43.2,2956777,510.0,847.0,20.623376623376622,17.0,the_night_owl
2022-12-22,3.0,3.0,0.0,OLD,20227762.0,올빼미,2022-11-23,157997699.0,3.9,-9533015.0,-5.7,29377728551.0,16006,-1462.0,-8.4,2972783,507.0,822.0,19.472019464720194,16.900000000000002,the_night_owl
2022-12-23,3.0,3.0,0.0,OLD,20227762.0,올빼미,2022-11-23,229171751.0,3.9,71174052.0,45.0,29606900302.0,22468,6462.0,40.4,2995251,528.0,883.0,25.44507361268403,17.599999999999998,the_night_owl
2022-12-24,4.0,4.0,-1.0,OLD,20227762.0,올빼미,2022-11-23,468361602.0,3.2,239189851.0,104.4,30075261904.0,44126,21658.0,96.4,3039377,535.0,873.0,50.54524627720504,17.833333333333336,the_night_owl
2022-12-25,5.0,5.0,-1.0,OLD,20227762.0,올빼미,2022-11-23,503569336.0,3.5,35207734.0,7.5,30578831240.0,47327,3201.0,7.3,3086704,549.0,876.0,54.02625570776256,18.3,the_night_owl
2022-12-26,3.0,3.0,2.0,OLD,20227762.0,올빼미,2022-11-23,181623177.0,4.2,-321946159.0,-63.9,30760454417.0,18685,-28642.0,-60.5,3105389,545.0,910.0,20.532967032967033,18.166666666666668,the_night_owl
2022-12-27,3.0,3.0,0.0,OLD,20227762.0,올빼미,2022-11-23,178797805.0,4.5,-2825372.0,-1.6,30939252222.0,18478,-207.0,-1.1,3123867,570.0,955.0,19.34869109947644,19.0,the_night_owl
2022-12-28,5.0,5.0,-2.0,OLD,20227762.0,올빼미,2022-11-23,134019369.0,3.1,-44778436.0,-25.0,31073271591.0,16767,-1711.0,-9.3,3140634,436.0,661.0,25.3661119515885,14.533333333333335,the_night_owl
2022-12-29,5.0,5.0,0.0,OLD,20227762.0,올빼미,2022-11-23,149047058.0,3.3,15027689.0,11.2,31222318649.0,15402,-1365.0,-8.1,3156036,430.0,659.0,23.371775417298938,14.333333333333334,the_night_owl
2022-12-30,5.0,5.0,0.0,OLD,20227762.0,올빼미,2022-11-23,237874911.0,3.5,88827853.0,59.6,31460193560.0,23430,8028.0,52.1,3179466,451.0,730.0,32.0958904109589,15.033333333333335,the_night_owl
2022-12-31,5.0,5.0,0.0,,,,,239909708.5,,,,,23424,,,3202890,449.5,702.0,33.36752136752137,14.983333333333334,the_night_owl
2023-01-01,5.0,5.0,0.0,OLD,20227762.0,올빼미,2022-11-23,241944506.0,2.8,-66929484.0,-21.7,32011012056.0,23419,-6899.0,-22.8,3226309,448.0,674.0,34.746290801186944,14.933333333333335,the_night_owl
2023-01-02,4.0,4.0,1.0,OLD,20227762.0,올빼미,2022-11-23,102025344.0,3.3,-139919162.0,-57.8,32113037400.0,10471,-12948.0,-55.3,3236780,427.0,710.0,14.747887323943662,14.233333333333334,the_night_owl
2023-01-03,5.0,5.0,-1.0,OLD,20227762.0,올빼미,2022-11-23,93656986.0,3.5,-8368358.0,-8.2,32206694386.0,9593,-878.0,-8.4,3246373,432.0,702.0,13.665242165242166,14.399999999999999,the_night_owl
2023-01-04,7.0,7.0,-2.0,OLD,20227762.0,올빼미,2022-11-23,41884767.0,1.3,-51772219.0,-55.3,32248579153.0,4217,-5376.0,-56.0,3250590,212.0,281.0,15.00711743772242,7.066666666666667,the_night_owl
2023-01-05,7.0,7.0,0.0,OLD,20227762.0,올빼미,2022-11-23,29322560.0,1.0,-12562207.0,-30.0,32277901713.0,2994,-1223.0,-29.0,3253584,205.0,270.0,11.088888888888889,6.833333333333333,the_night_owl
2023-01-06,7.0,7.0,0.0,OLD,20227762.0,올빼미,2022-11-23,40528484.0,1.1,11205924.0,38.2,32318430197.0,3938,944.0,31.5,3257522,202.0,276.0,14.268115942028986,6.7333333333333325,the_night_owl
2023-01-07,7.0,7.0,0.0,OLD,20227762.0,올빼미,2022-11-23,84250857.0,1.0,43722373.0,107.9,32402681054.0,8016,4078.0,103.6,3265538,204.0,282.0,28.425531914893618,6.800000000000001,the_night_owl
2023-01-08,8.0,8.0,-1.0,OLD,20227762.0,올빼미,2022-11-23,63333535.0,0.9,-20917322.0,-24.8,32466014589.0,6012,-2004.0,-25.0,3271550,189.0,264.0,22.772727272727273,6.3,the_night_owl
2023-01-09,7.0,7.0,1.0,OLD,20227762.0,올빼미,2022-11-23,24459432.0,1.0,-38874103.0,-61.4,32490474021.0,2407,-3605.0,-60.0,3273957,197.0,270.0,8.914814814814815,6.566666666666666,the_night_owl
2023-01-10,7.0,7.0,0.0,OLD,20227762.0,올빼미,2022-11-23,21622363.0,1.0,-2837069.0,-11.6,32512096384.0,2140,-267.0,-11.1,3276097,202.0,277.0,7.725631768953068,6.7333333333333325,the_night_owl
2023-01-11,8.0,8.0,-1.0,OLD,20227762.0,올빼미,2022-11-23,25012196.0,1.1,3389833.0,15.7,32537108580.0,2435,295.0,13.8,3278532,238.0,323.0,7.538699690402477,7.933333333333334,the_night_owl
2023-01-12,8.0,8.0,0.0,OLD,20227762.0,올빼미,2022-11-23,25345365.0,1.2,333169.0,1.3,32562453945.0,2488,53.0,2.2,3281020,248.0,332.0,7.493975903614458,8.266666666666666,the_night_owl
2023-01-13,7.0,7.0,1.0,OLD,20227762.0,올빼미,2022-11-23,34787278.0,1.2,9441913.0,37.3,32597241223.0,3242,754.0,30.3,3284262,259.0,364.0,8.906593406593407,8.633333333333333,the_night_owl
2023-01-14,7.0,7.0,0.0,OLD,20227762.0,올빼미,2022-11-23,81901326.0,1.3,47114048.0,135.4,32679142549.0,7461,4219.0,130.1,3291723,257.0,384.0,19.4296875,8.566666666666666,the_night_owl
2023-01-15,7.0,7.0,0.0,OLD,20227762.0,올빼미,2022-11-23,64865978.0,1.2,-17035348.0,-20.8,32744008527.0,5911,-1550.0,-20.8,3297634,238.0,362.0,16.328729281767956,7.933333333333334,the_night_owl
2023-01-16,8.0,8.0,-1.0,OLD,20227762.0,올빼미,2022-11-23,22189477.0,1.3,-42676501.0,-65.8,32766198004.0,2142,-3769.0,-63.8,3299776,239.0,345.0,6.208695652173913,7.966666666666667,the_night_owl
2023-01-17,7.0,7.0,1.0,OLD,20227762.0,올빼미,2022-11-23,20835380.0,1.2,-1354097.0,-6.1,32787033384.0,2008,-134.0,-6.3,3301784,238.0,345.0,5.820289855072463,7.933333333333334,the_night_owl
2020-01-22,1.0,1.0,37.0,OLD,20180939.0,남산의 부장들,2020-01-22,2048853040.0,56.1,2046630040.0,92066.1,2089286040.0,252058,251811.0,101947.8,252058,1363.0,7286.0,34.59483941806204,45.43333333333333,the_man_standing_next
2020-01-23,1.0,1.0,0.0,OLD,20180939.0,남산의 부장들,2020-01-22,2774779700.0,55.6,725926660.0,35.4,4864065740.0,334864,82806.0,32.9,586922,1380.0,7588.0,44.13073273589879,46.0,the_man_standing_next
2020-01-24,1.0,1.0,0.0,OLD,20180939.0,남산의 부장들,2020-01-22,4872825430.0,54.7,2098045730.0,75.6,9736891170.0,535123,200259.0,59.8,1122045,1563.0,8784.0,60.920195810564664,52.1,the_man_standing_next
2020-01-25,1.0,1.0,0.0,OLD,20180939.0,남산의 부장들,2020-01-22,6413286040.0,55.1,1540460610.0,31.6,16150177210.0,693992,158869.0,29.7,1816037,1617.0,9054.0,76.65032030041971,53.900000000000006,the_man_standing_next
2020-01-26,1.0,1.0,0.0,OLD,20180939.0,남산의 부장들,2020-01-22,7106650480.0,54.4,693364440.0,10.8,23256827690.0,782927,88935.0,12.8,2598964,1659.0,9261.0,84.54022243818162,55.300000000000004,the_man_standing_next
2020-01-27,1.0,1.0,0.0,OLD,20180939.0,남산의 부장들,2020-01-22,5535386690.0,51.3,-1571263790.0,-22.1,28792214380.0,621378,-161549.0,-20.6,3220342,1615.0,8914.0,69.70809961857752,53.833333333333336,the_man_standing_next
2020-01-28,1.0,1.0,0.0,OLD,20180939.0,남산의 부장들,2020-01-22,1508483910.0,50.0,-4026902780.0,-72.7,30300698290.0,187486,-433892.0,-69.8,3407828,1439.0,7804.0,24.02434648898001,47.96666666666667,the_man_standing_next
2020-01-29,1.0,1.0,0.0,OLD,20180939.0,남산의 부장들,2020-01-22,1301071800.0,46.2,-207412110.0,-13.7,31601770090.0,211957,24471.0,13.1,3619785,1462.0,7520.0,28.185771276595744,48.733333333333334,the_man_standing_next
2020-01-30,1.0,1.0,0.0,OLD,20180939.0,남산의 부장들,2020-01-22,945073180.0,44.1,-355998620.0,-27.4,32546843270.0,118078,-93879.0,-44.3,3737863,1383.0,7262.0,16.259708069402368,46.1,the_man_standing_next
2020-01-31,1.0,1.0,0.0,OLD,20180939.0,남산의 부장들,2020-01-22,1124047950.0,46.8,178974770.0,18.9,33670891220.0,130871,12793.0,10.8,3868734,1362.0,7355.0,17.79347382732835,45.4,the_man_standing_next
2020-02-01,1.0,1.0,0.0,OLD,20180939.0,남산의 부장들,2020-01-22,1888602720.0,47.5,764554770.0,68.0,35559493940.0,214004,83133.0,63.5,4082738,1384.0,7542.0,28.37496685229382,46.13333333333333,the_man_standing_next
2020-02-02,1.0,1.0,0.0,OLD,20180939.0,남산의 부장들,2020-01-22,1438625680.0,45.8,-449977040.0,-23.8,36998119620.0,163169,-50835.0,-23.8,4245907,1353.0,7300.0,22.351917808219177,45.1,the_man_standing_next
2020-02-03,1.0,1.0,0.0,OLD,20180939.0,남산의 부장들,2020-01-22,458960110.0,41.4,-979665570.0,-68.1,37457079730.0,56645,-106524.0,-65.3,4302552,1332.0,6290.0,9.00556438791733,44.4,the_man_standing_next
2020-02-04,1.0,1.0,0.0,OLD,20180939.0,남산의 부장들,2020-01-22,398133680.0,40.7,-60826430.0,-13.3,37855213410.0,48874,-7771.0,-13.7,4351426,1319.0,6081.0,8.037164939976977,43.96666666666667,the_man_standing_next
2020-02-05,3.0,3.0,-2.0,OLD,20180939.0,남산의 부장들,2020-01-22,280839300.0,14.7,-117294380.0,-29.5,38136052710.0,34549,-14325.0,-29.3,4385975,814.0,3359.0,10.28550163739208,27.133333333333333,the_man_standing_next
2020-02-06,3.0,3.0,0.0,OLD,20180939.0,남산의 부장들,2020-01-22,241043560.0,14.2,-39795740.0,-14.2,38377096270.0,29666,-4883.0,-14.1,4415641,800.0,3194.0,9.28804007514089,26.666666666666668,the_man_standing_next
2020-02-07,3.0,3.0,0.0,OLD,20180939.0,남산의 부장들,2020-01-22,288503120.0,14.7,47459560.0,19.7,38665599390.0,32676,3010.0,10.1,4448317,814.0,3216.0,10.16044776119403,27.133333333333333,the_man_standing_next
2020-02-08,3.0,3.0,0.0,OLD,20180939.0,남산의 부장들,2020-01-22,596467600.0,15.7,307964480.0,106.7,39262066990.0,66463,33787.0,103.4,4514780,837.0,3328.0,19.970853365384617,27.900000000000002,the_man_standing_next
2020-02-09,3.0,3.0,0.0,OLD,20180939.0,남산의 부장들,2020-01-22,539083260.0,15.2,-57384340.0,-9.6,39801150250.0,60064,-6399.0,-9.6,4574844,835.0,3237.0,18.555452579548966,27.833333333333332,the_man_standing_next
2020-02-10,3.0,3.0,0.0,OLD,20180939.0,남산의 부장들,2020-01-22,204592020.0,14.9,-334491240.0,-62.0,40005742270.0,25189,-34875.0,-58.1,4600033,771.0,2916.0,8.638203017832648,25.7,the_man_standing_next
2020-02-11,3.0,3.0,0.0,OLD,20180939.0,남산의 부장들,2020-01-22,196927370.0,14.0,-7664650.0,-3.7,40202669640.0,24195,-994.0,-3.9,4624228,790.0,2948.0,8.207259158751697,26.333333333333332,the_man_standing_next
2020-02-12,4.0,4.0,-1.0,OLD,20180939.0,남산의 부장들,2020-01-22,123441660.0,5.0,-73485710.0,-37.3,40326111300.0,15288,-8907.0,-36.8,4639516,556.0,1285.0,11.89727626459144,18.53333333333333,the_man_standing_next
2020-02-13,5.0,5.0,-1.0,OLD,20180939.0,남산의 부장들,2020-01-22,100589730.0,4.3,-22851930.0,-18.5,40426701030.0,12477,-2811.0,-18.4,4651993,541.0,1172.0,10.645904436860068,18.033333333333335,the_man_standing_next
2020-02-14,5.0,5.0,0.0,OLD,20180939.0,남산의 부장들,2020-01-22,135782320.0,4.4,35192590.0,35.0,40562483350.0,15453,2976.0,23.9,4667446,556.0,1190.0,12.985714285714286,18.53333333333333,the_man_standing_next
2020-02-15,6.0,6.0,-1.0,OLD,20180939.0,남산의 부장들,2020-01-22,231859970.0,4.3,96077650.0,70.8,40794343320.0,26252,10799.0,69.9,4693698,548.0,1125.0,23.33511111111111,18.266666666666666,the_man_standing_next
2020-02-16,6.0,6.0,0.0,OLD,20180939.0,남산의 부장들,2020-01-22,213728320.0,4.3,-18131650.0,-7.8,41008071640.0,24301,-1951.0,-7.4,4717999,525.0,1070.0,22.71121495327103,17.5,the_man_standing_next
2020-02-17,5.0,5.0,1.0,OLD,20180939.0,남산의 부장들,2020-01-22,75694380.0,4.3,-138033940.0,-64.6,41083766020.0,9399,-14902.0,-61.3,4727398,538.0,1088.0,8.638786764705882,17.933333333333334,the_man_standing_next
2020-02-18,5.0,5.0,0.0,OLD,20180939.0,남산의 부장들,2020-01-22,68233130.0,3.8,-7461250.0,-9.9,41151999150.0,8472,-927.0,-9.9,4735870,532.0,1068.0,7.932584269662922,17.733333333333334,the_man_standing_next
2020-02-19,5.833333333333333,5.833333333333333,0.16666666666666666,,,,,57374435.0,,,,,7124,,,4742994,459.0,912.5,7.807123287671233,15.299999999999999,the_man_standing_next
2020-02-20,6.666666666666667,6.666666666666667,0.3333333333333333,,,,,46515740.0,,,,,5775,,,4748769,386.0,757.0,7.628797886393659,12.866666666666667,the_man_standing_next
2020-02-21,7.5,7.5,0.5,,,,,35657045.0,,,,,4427,,,4753196,313.0,601.5,7.359933499584373,10.433333333333334,the_man_standing_next
2020-02-22,8.333333333333334,8.333333333333334,0.6666666666666666,,,,,24798350.0,,,,,3079,,,4756275,240.0,446.0,6.903587443946188,8.0,the_man_standing_next
2020-02-23,9.166666666666666,9.166666666666666,0.8333333333333333,,,,,13939655.0,,,,,1730,,,4758005,167.0,290.5,5.955249569707401,5.566666666666667,the_man_standing_next
2020-02-24,10.0,10.0,1.0,OLD,20180939.0,남산의 부장들,2020-01-22,3080960.0,0.5,-5089720.0,-62.3,41209709750.0,382,-526.0,-57.9,4758387,94.0,135.0,2.8296296296296295,3.1333333333333333,the_man_standing_next
2022-06-29,2.0,2.0,0.0,NEW,20209654.0,헤어질 결심,2022-06-29,943860670.0,25.1,943860670.0,100.0,1036627670.0,114589,114589.0,100.0,114589,1374.0,5512.0,20.789005805515238,45.800000000000004,decision_to_leave
2022-06-30,2.0,2.0,0.0,OLD,20209654.0,헤어질 결심,2022-06-29,609048570.0,20.0,-334812100.0,-35.5,1645676240.0,63121,-51468.0,-44.9,177710,1318.0,5186.0,12.171423062090243,43.93333333333334,decision_to_leave
2022-07-01,2.0,2.0,0.0,OLD,20209654.0,헤어질 결심,2022-06-29,788079010.0,17.3,179030440.0,29.4,2433755250.0,76354,13233.0,21.0,254064,1265.0,5032.0,15.17368839427663,42.16666666666667,decision_to_leave
2022-07-02,2.0,2.0,0.0,OLD,20209654.0,헤어질 결심,2022-06-29,1385316180.0,15.7,597237170.0,75.8,3819071430.0,132535,56181.0,73.6,386599,1165.0,4466.0,29.676444245409762,38.83333333333333,decision_to_leave
2022-07-03,2.0,2.0,0.0,OLD,20209654.0,헤어질 결심,2022-06-29,1155001740.0,14.6,-230314440.0,-16.6,4974073170.0,111270,-21265.0,-16.0,497869,1119.0,4187.0,26.575113446381657,37.3,decision_to_leave
2022-07-04,2.0,2.0,0.0,OLD,20209654.0,헤어질 결심,2022-06-29,494716790.0,17.7,-660284950.0,-57.2,5468789960.0,49558,-61712.0,-55.5,547427,1066.0,4051.0,12.233522587015552,35.53333333333333,decision_to_leave
2022-07-05,2.0,2.0,0.0,OLD,20209654.0,헤어질 결심,2022-06-29,557948840.0,17.5,63232050.0,12.8,6026738800.0,55868,6310.0,12.7,603295,1079.0,4064.0,13.747047244094489,35.96666666666667,decision_to_leave
2022-07-06,3.0,3.0,-1.0,OLD,20209654.0,헤어질 결심,2022-06-29,336628140.0,5.8,-221320700.0,-39.7,6363366940.0,33570,-22298.0,-39.9,636865,595.0,1350.0,24.866666666666667,19.833333333333332,decision_to_leave
2022-07-07,3.0,3.0,0.0,OLD,20209654.0,헤어질 결심,2022-06-29,342604220.0,8.9,5976080.0,1.8,6705971160.0,33710,140.0,0.4,670575,619.0,1390.0,24.25179856115108,20.633333333333333,decision_to_leave
2022-07-08,3.0,3.0,0.0,OLD,20209654.0,헤어질 결심,2022-06-29,471953140.0,8.9,129348920.0,37.8,7177924300.0,43823,10113.0,30.0,714398,654.0,1472.0,29.771059782608695,21.8,decision_to_leave
2022-07-09,3.0,3.0,0.0,OLD,20209654.0,헤어질 결심,2022-06-29,893376640.0,8.0,421423500.0,89.3,8071300940.0,81522,37699.0,86.0,795920,742.0,1598.0,51.015018773466835,24.73333333333333,decision_to_leave
2022-07-10,3.0,3.0,0.0,OLD,20209654.0,헤어질 결심,2022-06-29,853725820.0,8.8,-39650820.0,-4.4,8925026760.0,79032,-2490.0,-3.1,874952,751.0,1626.0,48.60516605166052,25.033333333333335,decision_to_leave
2022-07-11,3.0,3.0,0.0,OLD,20209654.0,헤어질 결심,2022-06-29,430485110.0,15.0,-423240710.0,-49.6,9355511870.0,41861,-37171.0,-47.0,916813,677.0,1763.0,23.74418604651163,22.566666666666666,decision_to_leave
2022-07-12,3.0,3.0,0.0,OLD,20209654.0,헤어질 결심,2022-06-29,437078190.0,17.0,6593080.0,1.5,9792590060.0,42230,369.0,0.9,959043,720.0,1815.0,23.267217630853995,24.0,decision_to_leave
2022-07-13,4.0,4.0,-1.0,OLD,20209654.0,헤어질 결심,2022-06-29,343059200.0,11.2,-94018990.0,-21.5,10135649260.0,34876,-7354.0,-17.4,993919,723.0,1520.0,22.944736842105264,24.099999999999998,decision_to_leave
2022-07-14,3.0,3.0,1.0,OLD,20209654.0,헤어질 결심,2022-06-29,372682510.0,14.1,29623310.0,8.6,10508331770.0,35782,906.0,2.6,1029701,758.0,1620.0,22.087654320987653,25.266666666666666,decision_to_leave
2022-07-15,3.0,3.0,0.0,OLD,20209654.0,헤어질 결심,2022-06-29,525001430.0,14.2,152318920.0,40.9,11033333200.0,47915,12133.0,33.9,1077616,806.0,1790.0,26.768156424581004,26.866666666666667,decision_to_leave
2022-07-16,3.0,3.0,0.0,OLD,20209654.0,헤어질 결심,2022-06-29,900233000.0,12.2,375231570.0,71.5,11933566200.0,82263,34348.0,71.7,1159879,874.0,2074.0,39.66393442622951,29.133333333333333,decision_to_leave
2022-07-17,3.0,3.0,0.0,OLD,20209654.0,헤어질 결심,2022-06-29,841128830.0,12.8,-59104170.0,-6.6,12774695030.0,77043,-5220.0,-6.3,1236922,848.0,2058.0,37.43586005830904,28.26666666666667,decision_to_leave
2022-07-18,3.0,3.0,0.0,OLD,20209654.0,헤어질 결심,2022-06-29,373457240.0,16.2,-467671590.0,-55.6,13148152270.0,35928,-41115.0,-53.4,1272850,855.0,2129.0,16.87552841709723,28.499999999999996,decision_to_leave
2022-07-19,3.0,3.0,0.0,OLD,20209654.0,헤어질 결심,2022-06-29,384741950.0,15.7,11284710.0,3.0,13532894220.0,37297,1369.0,3.8,1310147,864.0,2156.0,17.299165120593692,28.799999999999997,decision_to_leave
2022-07-20,4.0,4.0,-1.0,OLD,20209654.0,헤어질 결심,2022-06-29,218398688.0,5.1,-166343262.0,-43.2,13751292908.0,21092,-16205.0,-43.4,1331239,494.0,867.0,24.327566320645907,16.466666666666665,decision_to_leave
2022-07-21,4.0,4.0,0.0,OLD,20209654.0,헤어질 결심,2022-06-29,256436916.0,7.8,38038228.0,17.4,14007729824.0,24710,3618.0,17.2,1355949,642.0,1068.0,23.136704119850187,21.4,decision_to_leave
2022-07-22,4.0,4.0,0.0,OLD,20209654.0,헤어질 결심,2022-06-29,347943058.0,8.2,91506142.0,35.7,14355672882.0,31656,6946.0,28.1,1387605,647.0,1140.0,27.768421052631577,21.566666666666666,decision_to_leave
2022-07-23,4.0,4.0,0.0,OLD,20209654.0,헤어질 결심,2022-06-29,587592603.0,6.9,239649545.0,68.9,14943265485.0,53054,21398.0,67.6,1440659,654.0,1212.0,43.773927392739274,21.8,decision_to_leave
2022-07-24,4.0,4.0,0.0,OLD,20209654.0,헤어질 결심,2022-06-29,556555056.0,6.7,-31037547.0,-5.3,15499820541.0,50467,-2587.0,-4.9,1491126,664.0,1210.0,41.708264462809915,22.133333333333333,decision_to_leave
2022-07-25,4.0,4.0,0.0,OLD,20209654.0,헤어질 결심,2022-06-29,283500303.0,9.3,-273054753.0,-49.1,15783320844.0,27435,-23032.0,-45.6,1518561,666.0,1335.0,20.55056179775281,22.2,decision_to_leave
2022-07-26,4.0,4.0,0.0,OLD,20209654.0,헤어질 결심,2022-06-29,278367179.0,9.8,-5133124.0,-1.8,16061688023.0,27098,-337.0,-1.2,1545659,672.0,1371.0,19.76513493800146,22.400000000000002,decision_to_leave
2022-07-27,5.0,5.0,-1.0,OLD,20209654.0,헤어질 결심,2022-06-29,184887746.0,3.4,-93479433.0,-33.6,16246575769.0,22087,-5011.0,-18.5,1567746,398.0,671.0,32.91654247391952,13.266666666666666,decision_to_leave
2022-07-28,6.0,6.0,-1.0,OLD,20209654.0,헤어질 결심,2022-06-29,167031737.0,3.5,-17856009.0,-9.7,16413607506.0,15820,-6267.0,-28.4,1583566,392.0,658.0,24.04255319148936,13.066666666666665,decision_to_leave
2022-07-29,6.0,6.0,0.0,OLD,20209654.0,헤어질 결심,2022-06-29,227221677.0,3.6,60189940.0,36.0,16640829183.0,20546,4726.0,29.9,1604112,418.0,719.0,28.57579972183588,13.933333333333334,decision_to_leave
2022-07-30,6.0,6.0,0.0,OLD,20209654.0,헤어질 결심,2022-06-29,338627537.0,2.9,111405860.0,49.0,16979456720.0,30453,9907.0,48.2,1634565,421.0,742.0,41.04177897574124,14.033333333333333,decision_to_leave
2022-07-31,6.0,6.0,0.0,OLD,20209654.0,헤어질 결심,2022-06-29,300481783.0,2.7,-38145754.0,-11.3,17279938503.0,27313,-3140.0,-10.3,1661878,440.0,740.0,36.90945945945946,14.666666666666666,decision_to_leave
2022-08-01,6.0,6.0,0.0,OLD,20209654.0,헤어질 결심,2022-06-29,190364696.0,2.8,-110117087.0,-36.6,17470303199.0,18220,-9093.0,-33.3,1680098,411.0,751.0,24.26098535286285,13.700000000000001,decision_to_leave
2022-08-02,6.0,6.0,0.0,OLD,20209654.0,헤어질 결심,2022-06-29,190209473.0,3.1,-155223.0,-0.1,17660512672.0,18263,43.0,0.2,1698361,412.0,752.0,24.28590425531915,13.733333333333334,decision_to_leave
2022-08-03,7.0,7.0,-1.0,OLD,20209654.0,헤어질 결심,2022-06-29,104273297.0,1.5,-85936176.0,-45.2,17764785969.0,9827,-8436.0,-46.2,1708188,255.0,410.0,23.96829268292683,8.5,decision_to_leave
2022-08-04,6.0,6.0,1.0,OLD,20209654.0,헤어질 결심,2022-06-29,107314159.0,2.0,3040862.0,2.9,17872100128.0,10209,382.0,3.9,1718397,265.0,415.0,24.6,8.833333333333334,decision_to_leave
2022-08-05,6.0,6.0,0.0,OLD,20209654.0,헤어질 결심,2022-06-29,142017614.0,2.3,34703455.0,32.3,18014117742.0,13226,3017.0,29.6,1731623,265.0,432.0,30.61574074074074,8.833333333333334,decision_to_leave
2022-08-06,7.0,7.0,-1.0,OLD,20209654.0,헤어질 결심,2022-06-29,201851173.0,1.9,59833559.0,42.1,18215968915.0,18001,4775.0,36.1,1749624,278.0,438.0,41.098173515981735,9.266666666666666,decision_to_leave
2022-08-07,6.0,6.0,1.0,OLD,20209654.0,헤어질 결심,2022-06-29,169174033.0,1.7,-32677140.0,-16.2,18385142948.0,15203,-2798.0,-15.5,1764827,266.0,426.0,35.68779342723005,8.866666666666667,decision_to_leave
2022-08-08,5.0,5.0,1.0,OLD,20209654.0,헤어질 결심,2022-06-29,87074396.0,2.6,-82099637.0,-48.5,18472217344.0,8256,-6947.0,-45.7,1773083,257.0,443.0,18.636568848758465,8.566666666666666,decision_to_leave
2022-08-09,5.0,5.0,0.0,OLD,20209654.0,헤어질 결심,2022-06-29,74363000.0,2.5,-12711396.0,-14.6,18546580344.0,7025,-1231.0,-14.9,1780108,270.0,452.0,15.54203539823009,9.0,decision_to_leave
2022-08-10,7.0,7.0,-2.0,OLD,20209654.0,헤어질 결심,2022-06-29,40394099.0,0.9,-33968901.0,-45.7,18586974443.0,3916,-3109.0,-44.3,1784024,160.0,219.0,17.881278538812786,5.333333333333334,decision_to_leave
2022-08-11,8.0,8.0,-1.0,OLD,20209654.0,헤어질 결심,2022-06-29,42201119.0,1.1,1807020.0,4.5,18629175562.0,4040,124.0,3.2,1788064,164.0,224.0,18.035714285714285,5.466666666666667,decision_to_leave
2022-08-12,7.0,7.0,1.0,OLD,20209654.0,헤어질 결심,2022-06-29,55674459.0,1.1,13473340.0,31.9,18684850021.0,5102,1062.0,26.3,1793166,177.0,240.0,21.258333333333333,5.8999999999999995,decision_to_leave
2022-08-13,9.0,9.0,-2.0,OLD,20209654.0,헤어질 결심,2022-06-29,77488055.0,0.8,21813596.0,39.2,18762338076.0,6889,1787.0,35.0,1800055,177.0,235.0,29.314893617021276,5.8999999999999995,decision_to_leave
2022-08-14,9.0,9.0,0.0,OLD,20209654.0,헤어질 결심,2022-06-29,84606718.0,0.7,7118663.0,9.2,18846944794.0,7657,768.0,11.1,1807712,185.0,237.0,32.30801687763713,6.166666666666667,decision_to_leave
2022-08-15,9.0,9.0,0.0,OLD,20209654.0,헤어질 결심,2022-06-29,74959252.0,0.7,-9647466.0,-11.4,18921904046.0,6886,-771.0,-10.1,1814598,176.0,231.0,29.80952380952381,5.866666666666666,decision_to_leave
2022-08-16,8.0,8.0,1.0,OLD,20209654.0,헤어질 결심,2022-06-29,40298617.0,1.3,-34660635.0,-46.2,18962202663.0,3878,-3008.0,-43.7,1818476,175.0,250.0,15.512,5.833333333333333,decision_to_leave
2022-08-17,9.0,9.0,-1.0,OLD,20209654.0,헤어질 결심,2022-06-29,29231858.0,0.9,-11066759.0,-27.5,18991434521.0,2856,-1022.0,-26.4,1821332,134.0,192.0,14.875,4.466666666666667,decision_to_leave
2022-08-18,9.0,9.0,0.0,OLD,20209654.0,헤어질 결심,2022-06-29,26965998.0,1.0,-2265860.0,-7.8,19018400519.0,2656,-200.0,-7.0,1823988,133.0,187.0,14.203208556149733,4.433333333333334,decision_to_leave
2022-08-19,8.0,8.0,1.0,OLD,20209654.0,헤어질 결심,2022-06-29,31056578.0,1.0,4090580.0,15.2,19049457097.0,2850,194.0,7.3,1826838,144.0,205.0,13.902439024390244,4.8,decision_to_leave
2022-08-20,10.0,10.0,-2.0,OLD,20209654.0,헤어질 결심,2022-06-29,49939759.0,0.7,18883181.0,60.8,19099396856.0,4568,1718.0,60.3,1831406,135.0,197.0,23.18781725888325,4.5,decision_to_leave
2022-08-21,9.0,9.0,0.5,,,,,37676788.0,,,,,3514,,,1834920,138.0,207.0,16.97584541062802,4.6,decision_to_leave
2022-08-22,8.0,8.0,3.0,OLD,20209654.0,헤어질 결심,2022-06-29,25413817.0,1.3,-16814180.0,-39.8,19167038670.0,2461,-1452.0,-37.1,1837381,141.0,217.0,11.341013824884792,4.7,decision_to_leave
2022-08-23,9.0,9.0,-1.0,OLD,20209654.0,헤어질 결심,2022-06-29,27041797.0,1.5,1627980.0,6.4,19194080467.0,2608,147.0,6.0,1839989,144.0,222.0,11.747747747747749,4.8,decision_to_leave
2022-08-24,8.0,8.0,1.0,OLD,20209654.0,헤어질 결심,2022-06-29,16287900.0,0.7,-10753897.0,-39.8,19210368367.0,1616,-992.0,-38.0,1841605,96.0,133.0,12.150375939849624,3.2,decision_to_leave
2022-08-25,8.5,8.5,1.5,,,,,18192500.0,,,,,1682,,,1843287,96.5,132.5,12.69433962264151,3.216666666666667,decision_to_leave
2022-08-26,9.0,9.0,2.0,OLD,20209654.0,헤어질 결심,2022-06-29,20097100.0,0.8,4402602.0,28.1,19246159965.0,1748,264.0,17.8,1845035,97.0,132.0,13.242424242424242,3.2333333333333334,decision_to_leave
2022-08-27,8.666666666666666,8.666666666666666,3.0,,,,,18109266.333333332,,,,,1624,,,1846659,94.66666666666667,132.0,12.303030303030303,3.155555555555556,decision_to_leave
2022-08-28,8.333333333333334,8.333333333333334,4.0,,,,,16121432.666666666,,,,,1501,,,1848160,92.33333333333333,132.0,11.371212121212121,3.0777777777777775,decision_to_leave
2022-08-29,8.0,8.0,5.0,OLD,20209654.0,헤어질 결심,2022-06-29,14133599.0,1.0,-13099697.0,-48.1,19316757857.0,1377,-963.0,-41.2,1849537,90.0,132.0,10.431818181818182,3.0,decision_to_leave
2022-08-30,10.0,10.0,-2.0,OLD,20209654.0,헤어질 결심,2022-06-29,15243500.0,1.0,1109901.0,7.9,19332001357.0,1450,73.0,5.3,1850987,93.0,129.0,11.24031007751938,3.1,decision_to_leave
